Tyè 2;;;;;;;;;;;;;;;;;;;;;;;;;;;;;;;
416,6542933;0,00569044;;585,8316491;4,8828125;0,004882813;;538,7816092;0,005311615;;;;;;;;;;;;;;;;;;;;;;;
430,7683663;0,01138088;;586,0232491;9,765625;0,009765625;;538,7732807;0,010623229;;;;;;;;;;;;;;;;;;;;;;;
460,8154318;0,01707132;;585,9071891;14,6484375;0,014648438;;534,8159443;0,015934844;;;;;;;;;;;;;;;;;;;;;;;
499,5614073;0,02276176;;585,7315098;19,53125;0,01953125;;534,3530214;0,021246459;;;;;;;;;;;;;;;;;;;;;;;
515,1197887;0,0284522;;585,7046676;24,4140625;0,024414063;;534,1857559;0,026558074;;;;;;;;;;;;;;;;;;;;;;;
524,5048931;0,03414264;;590,2104316;29,296875;0,029296875;;537,699286;0,031869688;;;;;;;;;;;;;;;;;;;;;;;
531,3410081;0,03983308;;590,2430508;34,1796875;0,034179688;;537,5339727;0,037181303;;;;;;;;;;;;;;;;;;;;;;;
535,9338077;0,04552352;;590,4263015;39,0625;0,0390625;;533,4704985;0,042492918;;;;;;;;;;;;;;;;;;;;;;;
540,0436403;0,051213961;;590,3355375;43,9453125;0,043945313;;533,4960432;0,047804533;;;;;;;;;;;;;;;;;;;;;;;
543,1776648;0,056904401;;590,0412589;48,828125;0,048828125;;533,5946423;0,053116147;;;;;;;;;;;;;;;;;;;;;;;
545,6976644;0,062594841;;590,0308052;53,7109375;0,053710938;;534,1713938;0,058427762;;;;;;;;;;;;;;;;;;;;;;;
547,7955218;0,068285281;;590,2640723;58,59375;0,05859375;;534,71035;0,063739377;;;;;;;;;;;;;;;;;;;;;;;
549,2791217;0,073975721;;590,3972663;63,4765625;0,063476563;;535,0066827;0,069050992;;;;;;;;;;;;;;;;;;;;;;;
549,9361486;0,079666161;;590,8547297;68,359375;0,068359375;;535,0480494;0,074362606;;;;;;;;;;;;;;;;;;;;;;;
550,9749592;0,085356601;;591,5405155;73,2421875;0,073242188;;535,2372608;0,079674221;;;;;;;;;;;;;;;;;;;;;;;
551,5045901;0,091047041;;591,7530913;78,125;0,078125;;535,1095703;0,084985836;;;;;;;;;;;;;;;;;;;;;;;
552,2196176;0,096737481;;587,2392139;83,0078125;0,083007813;;535,0701991;0,09029745;;;;;;;;;;;;;;;;;;;;;;;
552,7259135;0,102427921;;587,2489075;87,890625;0,087890625;;535,5415127;0,095609065;;;;;;;;;;;;;;;;;;;;;;;
553,4622661;0,108118361;;586,5480567;92,7734375;0,092773438;;535,8524091;0,10092068;;;;;;;;;;;;;;;;;;;;;;;
554,2214236;0,113808801;;586,2235848;97,65625;0,09765625;;536,066389;0,106232295;;;;;;;;;;;;;;;;;;;;;;;
554,4233798;0,119499241;;585,8555813;102,5390625;0,102539063;;535,947866;0,111543909;;;;;;;;;;;;;;;;;;;;;;;
554,6596812;0,125189681;;586,1356346;107,421875;0,107421875;;536,1013517;0,116855524;;;;;;;;;;;;;;;;;;;;;;;
554,9195287;0,130880121;;585,9282799;112,3046875;0,112304688;;535,9682585;0,122167139;;;;;;;;;;;;;;;;;;;;;;;
551,5816278;0,136570561;;585,7332198;117,1875;0,1171875;;535,9499096;0,127478754;;;;;;;;;;;;;;;;;;;;;;;
551,9486678;0,142261002;;585,414649;122,0703125;0,122070313;;539,8297034;0,132790368;;;;;;;;;;;;;;;;;;;;;;;
552,3208624;0,147951442;;585,3341202;126,953125;0,126953125;;540,0451161;0,138101983;;;;;;;;;;;;;;;;;;;;;;;
553,0755621;0,153641882;;585,5784965;131,8359375;0,131835938;;540,03781;0,143413598;;;;;;;;;;;;;;;;;;;;;;;
553,7390591;0,159332322;;584,7802944;136,71875;0,13671875;;540,0538083;0,148725212;;;;;;;;;;;;;;;;;;;;;;;
554,2885029;0,165022762;;589,0391442;141,6015625;0,141601563;;540,205672;0,154036827;;;;;;;;;;;;;;;;;;;;;;;
554,4914894;0,170713202;;588,7139816;146,484375;0,146484375;;540,0777823;0,159348442;;;;;;;;;;;;;;;;;;;;;;;
555,0622133;0,176403642;;588,6533993;151,3671875;0,151367188;;540,2641943;0,164660057;;;;;;;;;;;;;;;;;;;;;;;
555,4677746;0,182094082;;588,7468633;156,25;0,15625;;540,8416017;0,169971671;;;;;;;;;;;;;;;;;;;;;;;
556,1374371;0,187784522;;588,9432191;161,1328125;0,161132813;;540,7737382;0,175283286;;;;;;;;;;;;;;;;;;;;;;;
556,5696392;0,193474962;;588,8380435;166,015625;0,166015625;;540,771985;0,180594901;;;;;;;;;;;;;;;;;;;;;;;
557,3595011;0,199165402;;589,0615404;170,8984375;0,170898438;;540,7177468;0,185906516;;;;;;;;;;;;;;;;;;;;;;;
557,4671713;0,204855842;;589,4029983;175,78125;0,17578125;;540,7548527;0,19121813;;;;;;;;;;;;;;;;;;;;;;;
557,3207328;0,210546282;;589,6055693;180,6640625;0,180664063;;541,1487141;0,196529745;;;;;;;;;;;;;;;;;;;;;;;
561,5216539;0,216236722;;585,0468552;185,546875;0,185546875;;541,0560514;0,20184136;;;;;;;;;;;;;;;;;;;;;;;
561,7030362;0,221927162;;584,8451708;190,4296875;0,190429688;;537,3185402;0,207152975;;;;;;;;;;;;;;;;;;;;;;;
562,3674853;0,227617602;;584,941309;195,3125;0,1953125;;537,5004709;0,212464589;;;;;;;;;;;;;;;;;;;;;;;
562,7722781;0,233308042;;584,8837976;200,1953125;0,200195313;;538,2608028;0,217776204;;;;;;;;;;;;;;;;;;;;;;;
559,4629935;0,238998483;;585,2937201;205,078125;0,205078125;;538,1098317;0,223087819;;;;;;;;;;;;;;;;;;;;;;;
559,8636668;0,244688923;;584,834739;209,9609375;0,209960938;;537,8361452;0,228399433;;;;;;;;;;;;;;;;;;;;;;;
560,2985553;0,250379363;;584,6518913;214,84375;0,21484375;;537,8829959;0,233711048;;;;;;;;;;;;;;;;;;;;;;;
560,8881877;0,256069803;;584,8242562;219,7265625;0,219726563;;537,5806898;0,239022663;;;;;;;;;;;;;;;;;;;;;;;
561,147457;0,261760243;;584,9943905;224,609375;0,224609375;;537,8845252;0,244334278;;;;;;;;;;;;;;;;;;;;;;;
561,0424726;0,267450683;;585,3394548;229,4921875;0,229492188;;538,3322558;0,249645892;;;;;;;;;;;;;;;;;;;;;;;
561,5990644;0,273141123;;585,6309374;234,375;0,234375;;538,613479;0,254957507;;;;;;;;;;;;;;;;;;;;;;;
561,863731;0,278831563;;585,3051046;239,2578125;0,239257813;;538,9088451;0,260269122;;;;;;;;;;;;;;;;;;;;;;;
562,2939793;0,284522003;;584,6954195;244,140625;0,244140625;;539,3316657;0,265580737;;;;;;;;;;;;;;;;;;;;;;;
562,5586627;0,290212443;;584,1847809;249,0234375;0,249023438;;539,0412141;0,270892351;;;;;;;;;;;;;;;;;;;;;;;
562,7427488;0,295902883;;588,5060911;253,90625;0,25390625;;539,1796498;0,276203966;;;;;;;;;;;;;;;;;;;;;;;
562,7631374;0,301593323;;588,7160622;258,7890625;0,258789063;;538,9752507;0,281515581;;;;;;;;;;;;;;;;;;;;;;;
562,0401418;0,307283763;;588,6444064;263,671875;0,263671875;;539,1329253;0,286827195;;;;;;;;;;;;;;;;;;;;;;;
561,632397;0,312974203;;588,811446;268,5546875;0,268554688;;539,5498098;0,29213881;;;;;;;;;;;;;;;;;;;;;;;
561,5925404;0,318664643;;589,3832635;273,4375;0,2734375;;539,6627161;0,297450425;;;;;;;;;;;;;;;;;;;;;;;
561,680824;0,324355083;;590,2179644;278,3203125;0,278320313;;540,1612597;0,30276204;;;;;;;;;;;;;;;;;;;;;;;
562,2107787;0,330045524;;586,228674;283,203125;0,283203125;;540,6253187;0,308073654;;;;;;;;;;;;;;;;;;;;;;;
562,7893143;0,335735964;;586,3127961;288,0859375;0,288085938;;540,5331416;0,313385269;;;;;;;;;;;;;;;;;;;;;;;
563,0081942;0,341426404;;585,7605718;292,96875;0,29296875;;540,6824123;0,318696884;;;;;;;;;;;;;;;;;;;;;;;
563,3017325;0,347116844;;585,9317125;297,8515625;0,297851563;;540,7326816;0,324008499;;;;;;;;;;;;;;;;;;;;;;;
563,4707214;0,352807284;;586,0739863;302,734375;0,302734375;;541,2235984;0,329320113;;;;;;;;;;;;;;;;;;;;;;;
563,3560728;0,358497724;;586,4963818;307,6171875;0,307617188;;541,6564878;0,334631728;;;;;;;;;;;;;;;;;;;;;;;
563,2052283;0,364188164;;587,1207632;312,5;0,3125;;541,8464799;0,339943343;;;;;;;;;;;;;;;;;;;;;;;
563,1929835;0,369878604;;588,0012182;317,3828125;0,317382813;;542,8641959;0,345254958;;;;;;;;;;;;;;;;;;;;;;;
563,2270347;0,375569044;;588,4974616;322,265625;0,322265625;;539,4221317;0,350566572;;;;;;;;;;;;;;;;;;;;;;;
563,6111252;0,381259484;;589,3673139;327,1484375;0,327148438;;539,9157968;0,355878187;;;;;;;;;;;;;;;;;;;;;;;
563,5096631;0,386949924;;589,7426339;332,03125;0,33203125;;543,7348033;0,361189802;;;;;;;;;;;;;;;;;;;;;;;
563,6484619;0,392640364;;589,7136047;336,9140625;0,336914063;;544,0982893;0,366501416;;;;;;;;;;;;;;;;;;;;;;;
563,7200553;0,398330804;;589,7193136;341,796875;0,341796875;;544,286974;0,371813031;;;;;;;;;;;;;;;;;;;;;;;
563,4534268;0,404021244;;589,8558503;346,6796875;0,346679688;;544,6926091;0,377124646;;;;;;;;;;;;;;;;;;;;;;;
563,2093673;0,409711684;;589,907844;351,5625;0,3515625;;545,3486764;0,382436261;;;;;;;;;;;;;;;;;;;;;;;
563,0445957;0,415402124;;590,3321866;356,4453125;0,356445313;;545,8863279;0,387747875;;;;;;;;;;;;;;;;;;;;;;;
563,0844783;0,421092564;;590,6067057;361,328125;0,361328125;;546,31469;0,39305949;;;;;;;;;;;;;;;;;;;;;;;
563,1869514;0,426783005;;591,4929046;366,2109375;0,366210938;;547,1419338;0,398371105;;;;;;;;;;;;;;;;;;;;;;;
562,7191791;0,432473445;;592,4346409;371,09375;0,37109375;;547,4555851;0,40368272;;;;;;;;;;;;;;;;;;;;;;;
562,8122504;0,438163885;;593,0809453;375,9765625;0,375976563;;547,9293887;0,408994334;;;;;;;;;;;;;;;;;;;;;;;
562,7260292;0,443854325;;593,3085165;380,859375;0,380859375;;548,0925699;0,414305949;;;;;;;;;;;;;;;;;;;;;;;
562,6305179;0,449544765;;593,0209272;385,7421875;0,385742188;;547,9886113;0,419617564;;;;;;;;;;;;;;;;;;;;;;;
563,1166201;0,455235205;;593,4622429;390,625;0,390625;;547,9988471;0,424929178;;;;;;;;;;;;;;;;;;;;;;;
559,609999;0,460925645;;593,5658294;395,5078125;0,395507813;;548,0683549;0,430240793;;;;;;;;;;;;;;;;;;;;;;;
563,9233348;0,466616085;;593,8889136;400,390625;0,400390625;;548,4227629;0,435552408;;;;;;;;;;;;;;;;;;;;;;;
564,0054263;0,472306525;;594,667981;405,2734375;0,405273438;;548,4528463;0,440864023;;;;;;;;;;;;;;;;;;;;;;;
564,1733041;0,477996965;;595,4661293;410,15625;0,41015625;;548,9258805;0,446175637;;;;;;;;;;;;;;;;;;;;;;;
564,6738359;0,483687405;;596,3822147;415,0390625;0,415039063;;549,2076853;0,451487252;;;;;;;;;;;;;;;;;;;;;;;
565,204954;0,489377845;;597,4285825;419,921875;0,419921875;;549,6241784;0,456798867;;;;;;;;;;;;;;;;;;;;;;;
565,9424136;0,495068285;;598,2352596;424,8046875;0,424804688;;549,5157993;0,462110482;;;;;;;;;;;;;;;;;;;;;;;
565,8228361;0,500758725;;598,6023458;429,6875;0,4296875;;549,6336329;0,467422096;;;;;;;;;;;;;;;;;;;;;;;
566,2045599;0,506449165;;599,1008293;434,5703125;0,434570313;;549,5228227;0,472733711;;;;;;;;;;;;;;;;;;;;;;;
566,7483818;0,512139605;;598,9687856;439,453125;0,439453125;;549,057743;0,478045326;;;;;;;;;;;;;;;;;;;;;;;
567,1788163;0,517830046;;599,8987193;444,3359375;0,444335938;;548,7152963;0,483356941;;;;;;;;;;;;;;;;;;;;;;;
567,3554857;0,523520486;;600,54115;449,21875;0,44921875;;548,3916801;0,488668555;;;;;;;;;;;;;;;;;;;;;;;
567,7703842;0,529210926;;601,1438992;454,1015625;0,454101563;;548,3476227;0,49398017;;;;;;;;;;;;;;;;;;;;;;;
567,6464072;0,534901366;;601,0960188;458,984375;0,458984375;;548,2572995;0,499291785;;;;;;;;;;;;;;;;;;;;;;;
567,8327587;0,540591806;;600,8415468;463,8671875;0,463867188;;548,4222358;0,504603399;;;;;;;;;;;;;;;;;;;;;;;
567,9899082;0,546282246;;600,9076748;468,75;0,46875;;548,4625107;0,509915014;;;;;;;;;;;;;;;;;;;;;;;
568,1697159;0,551972686;;601,1628504;473,6328125;0,473632813;;548,2977709;0,515226629;;;;;;;;;;;;;;;;;;;;;;;
568,5848971;0,557663126;;597,0677844;478,515625;0,478515625;;543,8384086;0,520538244;;;;;;;;;;;;;;;;;;;;;;;
568,6634342;0,563353566;;596,5125118;483,3984375;0,483398438;;543,3104283;0,525849858;;;;;;;;;;;;;;;;;;;;;;;
569,2178507;0,569044006;;600,170352;488,28125;0,48828125;;543,2742267;0,531161473;;;;;;;;;;;;;;;;;;;;;;;
569,3031722;0,574734446;;595,8204265;493,1640625;0,493164063;;542,9974374;0,536473088;;;;;;;;;;;;;;;;;;;;;;;
568,9721593;0,580424886;;595,5603288;498,046875;0,498046875;;543,0997288;0,541784703;;;;;;;;;;;;;;;;;;;;;;;
568,4900595;0,586115326;;594,3622913;502,9296875;0,502929688;;543,2074232;0,547096317;;;;;;;;;;;;;;;;;;;;;;;
568,0560593;0,591805766;;593,3142418;507,8125;0,5078125;;543,145746;0,552407932;;;;;;;;;;;;;;;;;;;;;;;
567,9472346;0,597496206;;592,5249351;512,6953125;0,512695313;;542,6424048;0,557719547;;;;;;;;;;;;;;;;;;;;;;;
567,8589497;0,603186646;;592,6020016;517,578125;0,517578125;;542,2818838;0,563031161;;;;;;;;;;;;;;;;;;;;;;;
567,9515009;0,608877086;;592,7946646;522,4609375;0,522460938;;541,9081936;0,568342776;;;;;;;;;;;;;;;;;;;;;;;
567,4803309;0,614567527;;592,8881194;527,34375;0,52734375;;541,6902646;0,573654391;;;;;;;;;;;;;;;;;;;;;;;
563,7763311;0,620257967;;592,6789037;532,2265625;0,532226563;;541,0777335;0,578966006;;;;;;;;;;;;;;;;;;;;;;;
564,2347494;0,625948407;;592,3283399;537,109375;0,537109375;;540,8385174;0,58427762;;;;;;;;;;;;;;;;;;;;;;;
564,2570147;0,631638847;;591,5441639;541,9921875;0,541992188;;540,4905528;0,589589235;;;;;;;;;;;;;;;;;;;;;;;
564,6431763;0,637329287;;591,0833673;546,875;0,546875;;540,478767;0,59490085;;;;;;;;;;;;;;;;;;;;;;;
564,6898554;0,643019727;;590,3747663;551,7578125;0,551757813;;539,9376299;0,600212465;;;;;;;;;;;;;;;;;;;;;;;
564,7021294;0,648710167;;593,9343864;556,640625;0,556640625;;539,5629135;0,605524079;;;;;;;;;;;;;;;;;;;;;;;
564,9769719;0,654400607;;593,6741019;561,5234375;0,561523438;;543,3963227;0,610835694;;;;;;;;;;;;;;;;;;;;;;;
565,4064848;0,660091047;;593,5717361;566,40625;0,56640625;;543,1134309;0,616147309;;;;;;;;;;;;;;;;;;;;;;;
565,9772263;0,665781487;;593,2427386;571,2890625;0,571289063;;542,7757431;0,621458924;;;;;;;;;;;;;;;;;;;;;;;
566,5232655;0,671471927;;592,9800085;576,171875;0,576171875;;542,7685351;0,626770538;;;;;;;;;;;;;;;;;;;;;;;
567,0336172;0,677162367;;592,7549742;581,0546875;0,581054688;;542,8696596;0,632082153;;;;;;;;;;;;;;;;;;;;;;;
567,3697915;0,682852807;;592,3005221;585,9375;0,5859375;;543,0157169;0,637393768;;;;;;;;;;;;;;;;;;;;;;;
571,5042016;0,688543247;;592,3556884;590,8203125;0,590820313;;542,9963407;0,642705382;;;;;;;;;;;;;;;;;;;;;;;
571,4980213;0,694233687;;592,3853117;595,703125;0,595703125;;542,8762786;0,648016997;;;;;;;;;;;;;;;;;;;;;;;
571,8169211;0,699924127;;592,106441;600,5859375;0,600585938;;542,7129648;0,653328612;;;;;;;;;;;;;;;;;;;;;;;
572,1297098;0,705614568;;591,5256032;605,46875;0,60546875;;542,523644;0,658640227;;;;;;;;;;;;;;;;;;;;;;;
572,0497737;0,711305008;;590,7506626;610,3515625;0,610351563;;542,4350847;0,663951841;;;;;;;;;;;;;;;;;;;;;;;
572,510128;0,716995448;;586,0429637;615,234375;0,615234375;;542,4991475;0,669263456;;;;;;;;;;;;;;;;;;;;;;;
572,9335391;0,722685888;;586,3455255;620,1171875;0,620117188;;542,5859238;0,674575071;;;;;;;;;;;;;;;;;;;;;;;
573,0321503;0,728376328;;585,6597806;625;0,625;;538,8551734;0,679886686;;;;;;;;;;;;;;;;;;;;;;;
573,5564408;0,734066768;;585,3324611;629,8828125;0,629882813;;539,1774542;0,6851983;;;;;;;;;;;;;;;;;;;;;;;
573,7632424;0,739757208;;585,2573062;634,765625;0,634765625;;539,7591262;0,690509915;;;;;;;;;;;;;;;;;;;;;;;
573,9403419;0,745447648;;585,2783374;639,6484375;0,639648438;;540,0196024;0,69582153;;;;;;;;;;;;;;;;;;;;;;;
570,6212007;0,751138088;;585,2354171;644,53125;0,64453125;;539,7292647;0,701133144;;;;;;;;;;;;;;;;;;;;;;;
571,5819069;0,756828528;;584,7437064;649,4140625;0,649414063;;539,4709582;0,706444759;;;;;;;;;;;;;;;;;;;;;;;
572,5295491;0,762518968;;584,7496592;654,296875;0,654296875;;539,2370956;0,711756374;;;;;;;;;;;;;;;;;;;;;;;
572,9796665;0,768209408;;584,5935773;659,1796875;0,659179688;;539,068912;0,717067989;;;;;;;;;;;;;;;;;;;;;;;
573,5284131;0,773899848;;584,6588366;664,0625;0,6640625;;538,8602266;0,722379603;;;;;;;;;;;;;;;;;;;;;;;
573,8568357;0,779590288;;584,4212875;668,9453125;0,668945313;;539,1205421;0,727691218;;;;;;;;;;;;;;;;;;;;;;;
574,5049524;0,785280728;;588,1237854;673,828125;0,673828125;;539,1958531;0,733002833;;;;;;;;;;;;;;;;;;;;;;;
574,9154391;0,790971168;;588,0466133;678,7109375;0,678710938;;539,3932628;0,738314448;;;;;;;;;;;;;;;;;;;;;;;
575,2591731;0,796661608;;588,010409;683,59375;0,68359375;;539,4928088;0,743626062;;;;;;;;;;;;;;;;;;;;;;;
575,1315963;0,802352049;;587,7628224;688,4765625;0,688476563;;539,5239555;0,748937677;;;;;;;;;;;;;;;;;;;;;;;
574,7848042;0,808042489;;587,9068813;693,359375;0,693359375;;539,790855;0,754249292;;;;;;;;;;;;;;;;;;;;;;;
574,4083769;0,813732929;;587,9440042;698,2421875;0,698242188;;539,9949833;0,759560907;;;;;;;;;;;;;;;;;;;;;;;
574,7518318;0,819423369;;588,1369468;703,125;0,703125;;539,6608377;0,764872521;;;;;;;;;;;;;;;;;;;;;;;
574,5974662;0,825113809;;588,2444967;708,0078125;0,708007813;;539,4577095;0,770184136;;;;;;;;;;;;;;;;;;;;;;;
575,3954677;0,830804249;;588,3323753;712,890625;0,712890625;;539,4164787;0,775495751;;;;;;;;;;;;;;;;;;;;;;;
575,8551099;0,836494689;;588,3015923;717,7734375;0,717773438;;539,2077424;0,780807365;;;;;;;;;;;;;;;;;;;;;;;
576,4879102;0,842185129;;588,1906476;722,65625;0,72265625;;538,8056398;0,78611898;;;;;;;;;;;;;;;;;;;;;;;
576,3774527;0,847875569;;583,8042217;727,5390625;0,727539063;;538,4682338;0,791430595;;;;;;;;;;;;;;;;;;;;;;;
575,70432;0,853566009;;584,0109592;732,421875;0,732421875;;538,4455641;0,79674221;;;;;;;;;;;;;;;;;;;;;;;
571,1239691;0,859256449;;584,0292377;737,3046875;0,737304688;;538,2681628;0,802053824;;;;;;;;;;;;;;;;;;;;;;;
570,9328582;0,864946889;;584,0152367;742,1875;0,7421875;;538,5428196;0,807365439;;;;;;;;;;;;;;;;;;;;;;;
570,8830439;0,870637329;;584,1366107;747,0703125;0,747070313;;538,5231353;0,812677054;;;;;;;;;;;;;;;;;;;;;;;
571,2266462;0,876327769;;583,7100654;751,953125;0,751953125;;538,5624669;0,817988669;;;;;;;;;;;;;;;;;;;;;;;
575,5977354;0,882018209;;583,4161283;756,8359375;0,756835938;;538,1320159;0,823300283;;;;;;;;;;;;;;;;;;;;;;;
575,9352493;0,887708649;;583,4281079;761,71875;0,76171875;;541,9097972;0,828611898;;;;;;;;;;;;;;;;;;;;;;;
575,9882059;0,89339909;;583,690469;766,6015625;0,766601563;;541,7971082;0,833923513;;;;;;;;;;;;;;;;;;;;;;;
575,799242;0,89908953;;583,1546663;771,484375;0,771484375;;541,5511747;0,839235127;;;;;;;;;;;;;;;;;;;;;;;
575,9646708;0,90477997;;582,5288094;776,3671875;0,776367188;;541,4014752;0,844546742;;;;;;;;;;;;;;;;;;;;;;;
575,8078115;0,91047041;;582,2529442;781,25;0,78125;;541,2857894;0,849858357;;;;;;;;;;;;;;;;;;;;;;;
575,6609172;0,91616085;;586,6998665;786,1328125;0,786132813;;541,0937163;0,855169972;;;;;;;;;;;;;;;;;;;;;;;
575,3196969;0,92185129;;586,515522;791,015625;0,791015625;;541,2100662;0,860481586;;;;;;;;;;;;;;;;;;;;;;;
575,5160706;0,92754173;;585,9557884;795,8984375;0,795898438;;537,6608716;0,865793201;;;;;;;;;;;;;;;;;;;;;;;
575,7717899;0,93323217;;585,9822847;800,78125;0,80078125;;538,028767;0,871104816;;;;;;;;;;;;;;;;;;;;;;;
575,674205;0,93892261;;585,3301258;805,6640625;0,805664063;;538,7675184;0,876416431;;;;;;;;;;;;;;;;;;;;;;;
575,8276886;0,94461305;;585,16384;810,546875;0,810546875;;538,8470266;0,881728045;;;;;;;;;;;;;;;;;;;;;;;
575,7642924;0,95030349;;585,0204874;815,4296875;0,815429688;;538,5152817;0,88703966;;;;;;;;;;;;;;;;;;;;;;;
575,6791221;0,95599393;;585,1142354;820,3125;0,8203125;;538,2491758;0,892351275;;;;;;;;;;;;;;;;;;;;;;;
575,2940559;0,96168437;;584,8866971;825,1953125;0,825195313;;538,1431802;0,89766289;;;;;;;;;;;;;;;;;;;;;;;
575,2736109;0,96737481;;580,7136051;830,078125;0,830078125;;537,9682054;0,902974504;;;;;;;;;;;;;;;;;;;;;;;
575,0448726;0,97306525;;580,5831953;834,9609375;0,834960938;;537,872154;0,908286119;;;;;;;;;;;;;;;;;;;;;;;
570,6945151;0,97875569;;581,1075119;839,84375;0,83984375;;538,2640543;0,913597734;;;;;;;;;;;;;;;;;;;;;;;
570,639746;0,984446131;;581,1007204;844,7265625;0,844726563;;538,229052;0,918909348;;;;;;;;;;;;;;;;;;;;;;;
570,5975944;0,990136571;;581,5426916;849,609375;0,849609375;;538,6139804;0,924220963;;;;;;;;;;;;;;;;;;;;;;;
570,4664278;0,995827011;;582,0007362;854,4921875;0,854492188;;538,8682535;0,929532578;;;;;;;;;;;;;;;;;;;;;;;
570,4722031;1,001517451;;582,3413211;859,375;0,859375;;539,0002311;0,934844193;;;;;;;;;;;;;;;;;;;;;;;
570,5144976;1,007207891;;582,3981617;864,2578125;0,864257813;;538,9852359;0,940155807;;;;;;;;;;;;;;;;;;;;;;;
570,702591;1,012898331;;582,027115;869,140625;0,869140625;;538,7112374;0,945467422;;;;;;;;;;;;;;;;;;;;;;;
570,2009323;1,018588771;;581,824939;874,0234375;0,874023438;;538,694556;0,950779037;;;;;;;;;;;;;;;;;;;;;;;
570,5190327;1,024279211;;581,9056352;878,90625;0,87890625;;538,7294831;0,956090652;;;;;;;;;;;;;;;;;;;;;;;
574,1353233;1,029969651;;581,5929486;883,7890625;0,883789063;;538,5855835;0,961402266;;;;;;;;;;;;;;;;;;;;;;;
573,6326927;1,035660091;;581,2624382;888,671875;0,888671875;;538,581455;0,966713881;;;;;;;;;;;;;;;;;;;;;;;
573,4534714;1,041350531;;581,1695126;893,5546875;0,893554688;;538,5916371;0,972025496;;;;;;;;;;;;;;;;;;;;;;;
573,0219103;1,047040971;;581,3902408;898,4375;0,8984375;;538,6975607;0,977337111;;;;;;;;;;;;;;;;;;;;;;;
572,8311943;1,052731411;;581,6012437;903,3203125;0,903320313;;538,9744206;0,982648725;;;;;;;;;;;;;;;;;;;;;;;
572,8414797;1,058421851;;581,8746183;908,203125;0,908203125;;539,2160196;0,98796034;;;;;;;;;;;;;;;;;;;;;;;
573,0707015;1,064112291;;582,2452799;913,0859375;0,913085938;;539,6637212;0,993271955;;;;;;;;;;;;;;;;;;;;;;;
573,1273775;1,069802731;;582,2582857;917,96875;0,91796875;;539,5269619;0,998583569;;;;;;;;;;;;;;;;;;;;;;;
573,5829648;1,075493171;;582,1337925;922,8515625;0,922851563;;539,4513359;1,003895184;;;;;;;;;;;;;;;;;;;;;;;
574,1988584;1,081183612;;581,5109019;927,734375;0,927734375;;539,4272216;1,009206799;;;;;;;;;;;;;;;;;;;;;;;
574,5590868;1,086874052;;585,9617578;932,6171875;0,932617188;;539,2954774;1,014518414;;;;;;;;;;;;;;;;;;;;;;;
575,1386729;1,092564492;;586,1682314;937,5;0,9375;;539,6745549;1,019830028;;;;;;;;;;;;;;;;;;;;;;;
575,6032389;1,098254932;;586,7837909;942,3828125;0,942382813;;540,0109219;1,025141643;;;;;;;;;;;;;;;;;;;;;;;
575,4656872;1,103945372;;587,1413642;947,265625;0,947265625;;540,2676725;1,030453258;;;;;;;;;;;;;;;;;;;;;;;
575,8353299;1,109635812;;582,8764172;952,1484375;0,952148438;;537,2631947;1,035764873;;;;;;;;;;;;;;;;;;;;;;;
575,0754589;1,115326252;;583,7078053;957,03125;0,95703125;;537,7814925;1,041076487;;;;;;;;;;;;;;;;;;;;;;;
574,9707102;1,121016692;;584,3279109;961,9140625;0,961914063;;538,4301846;1,046388102;;;;;;;;;;;;;;;;;;;;;;;
574,7639766;1,126707132;;584,8801733;966,796875;0,966796875;;539,3918156;1,051699717;;;;;;;;;;;;;;;;;;;;;;;
574,4943991;1,132397572;;585,022386;971,6796875;0,971679688;;539,9988504;1,057011331;;;;;;;;;;;;;;;;;;;;;;;
575,0281068;1,138088012;;585,0405086;976,5625;0,9765625;;540,453413;1,062322946;;;;;;;;;;;;;;;;;;;;;;;
575,0697011;1,143778452;;585,0274082;981,4453125;0,981445313;;540,6741761;1,067634561;;;;;;;;;;;;;;;;;;;;;;;
571,291406;1,149468892;;585,5238003;986,328125;0,986328125;;544,8904279;1,072946176;;;;;;;;;;;;;;;;;;;;;;;
571,5452607;1,155159332;;586,2328143;991,2109375;0,991210938;;545,7283486;1,07825779;;;;;;;;;;;;;;;;;;;;;;;
571,7082796;1,160849772;;586,8912664;996,09375;0,99609375;;546,5193187;1,083569405;;;;;;;;;;;;;;;;;;;;;;;
571,7261107;1,166540212;;587,2976968;1000,976563;1,000976563;;547,15299;1,08888102;;;;;;;;;;;;;;;;;;;;;;;
571,2548461;1,172230653;;587,431015;1005,859375;1,005859375;;548,0305485;1,094192635;;;;;;;;;;;;;;;;;;;;;;;
571,0180555;1,177921093;;587,603118;1010,742188;1,010742188;;548,8141692;1,099504249;;;;;;;;;;;;;;;;;;;;;;;
570,9690242;1,183611533;;587,9486838;1015,625;1,015625;;549,8598507;1,104815864;;;;;;;;;;;;;;;;;;;;;;;
574,8557227;1,189301973;;588,2803684;1020,507813;1,020507813;;550,5966827;1,110127479;;;;;;;;;;;;;;;;;;;;;;;
575,0911159;1,194992413;;588,1246437;1025,390625;1,025390625;;550,8603985;1,115439094;;;;;;;;;;;;;;;;;;;;;;;
575,2680888;1,200682853;;588,1007354;1030,273438;1,030273438;;551,1810113;1,120750708;;;;;;;;;;;;;;;;;;;;;;;
575,6970038;1,206373293;;588,4150508;1035,15625;1,03515625;;551,6686169;1,126062323;;;;;;;;;;;;;;;;;;;;;;;
575,6815536;1,212063733;;588,6314062;1040,039063;1,040039063;;551,8436231;1,131373938;;;;;;;;;;;;;;;;;;;;;;;
575,9214767;1,217754173;;584,5220725;1044,921875;1,044921875;;552,1771262;1,136685552;;;;;;;;;;;;;;;;;;;;;;;
575,970788;1,223444613;;584,6931929;1049,804688;1,049804688;;552,711935;1,141997167;;;;;;;;;;;;;;;;;;;;;;;
575,6416329;1,229135053;;585,1232578;1054,6875;1,0546875;;552,7806773;1,147308782;;;;;;;;;;;;;;;;;;;;;;;
575,5204077;1,234825493;;585,2672488;1059,570313;1,059570313;;553,5350838;1,152620397;;;;;;;;;;;;;;;;;;;;;;;
574,9762059;1,240515933;;585,7259408;1064,453125;1,064453125;;554,0249359;1,157932011;;;;;;;;;;;;;;;;;;;;;;;
575,0307274;1,246206373;;586,3987696;1069,335938;1,069335938;;553,9686399;1,163243626;;;;;;;;;;;;;;;;;;;;;;;
574,7071051;1,251896813;;587,2667377;1074,21875;1,07421875;;554,1900077;1,168555241;;;;;;;;;;;;;;;;;;;;;;;
574,7417331;1,257587253;;587,9947866;1079,101563;1,079101563;;554,0999111;1,173866856;;;;;;;;;;;;;;;;;;;;;;;
574,4265042;1,263277693;;589,1015974;1083,984375;1,083984375;;554,286229;1,17917847;;;;;;;;;;;;;;;;;;;;;;;
574,4222164;1,268968134;;590,181286;1088,867188;1,088867188;;554,5560761;1,184490085;;;;;;;;;;;;;;;;;;;;;;;
574,352426;1,274658574;;591,4961208;1093,75;1,09375;;550,4611506;1,1898017;;;;;;;;;;;;;;;;;;;;;;;
574,7682465;1,280349014;;593,2236654;1098,632813;1,098632813;;550,2538838;1,195113314;;;;;;;;;;;;;;;;;;;;;;;
574,7454807;1,286039454;;594,9922786;1103,515625;1,103515625;;549,9985997;1,200424929;;;;;;;;;;;;;;;;;;;;;;;
570,2019087;1,291729894;;595,3006554;1108,398438;1,108398438;;549,6843717;1,205736544;;;;;;;;;;;;;;;;;;;;;;;
574,0501626;1,297420334;;594,8369063;1113,28125;1,11328125;;549,6201042;1,211048159;;;;;;;;;;;;;;;;;;;;;;;
573,6516858;1,303110774;;599,2552975;1118,164063;1,118164063;;549,6339561;1,216359773;;;;;;;;;;;;;;;;;;;;;;;
573,6602435;1,308801214;;599,7272725;1123,046875;1,123046875;;549,7902688;1,221671388;;;;;;;;;;;;;;;;;;;;;;;
569,5068783;1,314491654;;599,7887175;1127,929688;1,127929688;;549,9429158;1,226983003;;;;;;;;;;;;;;;;;;;;;;;
569,7335176;1,320182094;;599,670097;1132,8125;1,1328125;;549,8521499;1,232294618;;;;;;;;;;;;;;;;;;;;;;;
569,8548814;1,325872534;;599,9721483;1137,695313;1,137695313;;549,8588662;1,237606232;;;;;;;;;;;;;;;;;;;;;;;
569,8894988;1,331562974;;593,067812;1142,578125;1,142578125;;549,7980355;1,242917847;;;;;;;;;;;;;;;;;;;;;;;
570,2239854;1,337253414;;591,7523845;1147,460938;1,147460938;;549,4977191;1,248229462;;;;;;;;;;;;;;;;;;;;;;;
570,8123093;1,342943854;;590,4991206;1152,34375;1,15234375;;549,4985597;1,253541077;;;;;;;;;;;;;;;;;;;;;;;
570,963807;1,348634294;;600,0854911;1157,226563;1,157226563;;549,4175062;1,258852691;;;;;;;;;;;;;;;;;;;;;;;
571,3387202;1,354324734;;599,36533;1162,109375;1,162109375;;549,5914546;1,264164306;;;;;;;;;;;;;;;;;;;;;;;
571,1603753;1,360015175;;599,3568612;1166,992188;1,166992188;;549,7338898;1,269475921;;;;;;;;;;;;;;;;;;;;;;;
571,0159688;1,365705615;;599,1834084;1171,875;1,171875;;549,7194113;1,274787535;;;;;;;;;;;;;;;;;;;;;;;
570,6813419;1,371396055;;594,6351523;1176,757813;1,176757813;;549,4612406;1,28009915;;;;;;;;;;;;;;;;;;;;;;;
570,2857435;1,377086495;;594,7474616;1181,640625;1,181640625;;549,1819863;1,285410765;;;;;;;;;;;;;;;;;;;;;;;
570,3668847;1,382776935;;594,9193209;1186,523438;1,186523438;;548,6987128;1,29072238;;;;;;;;;;;;;;;;;;;;;;;
574,5425205;1,388467375;;594,5141249;1191,40625;1,19140625;;548,420064;1,296033994;;;;;;;;;;;;;;;;;;;;;;;
574,7707532;1,394157815;;594,124316;1196,289063;1,196289063;;547,9453767;1,301345609;;;;;;;;;;;;;;;;;;;;;;;
575,2633781;1,399848255;;593,9686853;1201,171875;1,201171875;;547,6243435;1,306657224;;;;;;;;;;;;;;;;;;;;;;;
575,7831391;1,405538695;;593,8398845;1206,054688;1,206054688;;547,2927824;1,311968839;;;;;;;;;;;;;;;;;;;;;;;
575,8876324;1,411229135;;593,2389552;1210,9375;1,2109375;;547,2340875;1,317280453;;;;;;;;;;;;;;;;;;;;;;;
575,7782215;1,416919575;;592,6176712;1215,820313;1,215820313;;546,9101375;1,322592068;;;;;;;;;;;;;;;;;;;;;;;
575,3974166;1,422610015;;591,9195701;1220,703125;1,220703125;;546,9600294;1,327903683;;;;;;;;;;;;;;;;;;;;;;;
575,3896638;1,428300455;;591,8091153;1225,585938;1,225585938;;546,3568406;1,333215297;;;;;;;;;;;;;;;;;;;;;;;
575,6266424;1,433990895;;591,5846163;1230,46875;1,23046875;;545,9496524;1,338526912;;;;;;;;;;;;;;;;;;;;;;;
575,6894627;1,439681335;;591,4179473;1235,351563;1,235351563;;545,8510342;1,343838527;;;;;;;;;;;;;;;;;;;;;;;
575,9979769;1,445371775;;591,7479632;1240,234375;1,240234375;;545,5200156;1,349150142;;;;;;;;;;;;;;;;;;;;;;;
576,1878937;1,451062215;;591,2245328;1245,117188;1,245117188;;544,9450504;1,354461756;;;;;;;;;;;;;;;;;;;;;;;
572,3391042;1,456752656;;590,6550746;1250;1,25;;544,6341188;1,359773371;;;;;;;;;;;;;;;;;;;;;;;
572,9397616;1,462443096;;590,504196;1254,882813;1,254882813;;548,3909803;1,365084986;;;;;;;;;;;;;;;;;;;;;;;
573,4173344;1,468133536;;590,3470006;1259,765625;1,259765625;;544,326458;1,370396601;;;;;;;;;;;;;;;;;;;;;;;
573,391237;1,473823976;;590,0032419;1264,648438;1,264648438;;544,7115097;1,375708215;;;;;;;;;;;;;;;;;;;;;;;
573,5335213;1,479514416;;589,6343357;1269,53125;1,26953125;;544,4874923;1,38101983;;;;;;;;;;;;;;;;;;;;;;;
573,8744975;1,485204856;;593,6838591;1274,414063;1,274414063;;544,4034567;1,386331445;;;;;;;;;;;;;;;;;;;;;;;
574,0433194;1,490895296;;593,5971211;1279,296875;1,279296875;;544,2984735;1,39164306;;;;;;;;;;;;;;;;;;;;;;;
574,2422121;1,496585736;;593,497055;1284,179688;1,284179688;;544,0923836;1,396954674;;;;;;;;;;;;;;;;;;;;;;;
574,5538241;1,502276176;;593,4511355;1289,0625;1,2890625;;543,9134714;1,402266289;;;;;;;;;;;;;;;;;;;;;;;
575,1894543;1,507966616;;593,6018023;1293,945313;1,293945313;;543,9210171;1,407577904;;;;;;;;;;;;;;;;;;;;;;;
575,8531897;1,513657056;;594,0771746;1298,828125;1,298828125;;543,8169859;1,412889518;;;;;;;;;;;;;;;;;;;;;;;
576,2770066;1,519347496;;593,8952366;1303,710938;1,303710938;;543,6697646;1,418201133;;;;;;;;;;;;;;;;;;;;;;;
576,4527934;1,525037936;;594,0197746;1308,59375;1,30859375;;543,4155112;1,423512748;;;;;;;;;;;;;;;;;;;;;;;
576,2484815;1,530728376;;593,6943091;1313,476563;1,313476563;;543,2292261;1,428824363;;;;;;;;;;;;;;;;;;;;;;;
576,1129701;1,536418816;;593,8043879;1318,359375;1,318359375;;543,3483245;1,434135977;;;;;;;;;;;;;;;;;;;;;;;
576,3267273;1,542109256;;594,0708831;1323,242188;1,323242188;;539,7678159;1,439447592;;;;;;;;;;;;;;;;;;;;;;;
576,9400165;1,547799697;;590,3943858;1328,125;1,328125;;543,2849813;1,444759207;;;;;;;;;;;;;;;;;;;;;;;
577,4214475;1,553490137;;590,7333226;1333,007813;1,333007813;;543,0495516;1,450070822;;;;;;;;;;;;;;;;;;;;;;;
578,5192422;1,559180577;;591,5846307;1337,890625;1,337890625;;542,9423416;1,455382436;;;;;;;;;;;;;;;;;;;;;;;
579,1949916;1,564871017;;592,3893161;1342,773438;1,342773438;;543,1735408;1,460694051;;;;;;;;;;;;;;;;;;;;;;;
579,8038626;1,570561457;;592,9456199;1347,65625;1,34765625;;543,4877209;1,466005666;;;;;;;;;;;;;;;;;;;;;;;
580,1816661;1,576251897;;593,6251968;1352,539063;1,352539063;;543,522944;1,47131728;;;;;;;;;;;;;;;;;;;;;;;
580,2964239;1,581942337;;594,7394933;1357,421875;1,357421875;;543,7468684;1,476628895;;;;;;;;;;;;;;;;;;;;;;;
580,0261438;1,587632777;;594,7958398;1362,304688;1,362304688;;540,1266228;1,48194051;;;;;;;;;;;;;;;;;;;;;;;
579,8136651;1,593323217;;595,4267749;1367,1875;1,3671875;;543,2877433;1,487252125;;;;;;;;;;;;;;;;;;;;;;;
575,4372704;1,599013657;;596,0313858;1372,070313;1,372070313;;542,494282;1,492563739;;;;;;;;;;;;;;;;;;;;;;;
575,5026067;1,604704097;;596,6700837;1376,953125;1,376953125;;542,1686488;1,497875354;;;;;;;;;;;;;;;;;;;;;;;
575,3149672;1,610394537;;596,6134422;1381,835938;1,381835938;;541,9752303;1,503186969;;;;;;;;;;;;;;;;;;;;;;;
575,2033422;1,616084977;;596,7569796;1386,71875;1,38671875;;542,0388395;1,508498584;;;;;;;;;;;;;;;;;;;;;;;
575,4234244;1,621775417;;596,7136099;1391,601563;1,391601563;;542,1996595;1,513810198;;;;;;;;;;;;;;;;;;;;;;;
575,3915924;1,627465857;;596,8231726;1396,484375;1,396484375;;542,2037038;1,519121813;;;;;;;;;;;;;;;;;;;;;;;
575,352891;1,633156297;;596,4113114;1401,367188;1,401367188;;541,6770176;1,524433428;;;;;;;;;;;;;;;;;;;;;;;
575,1679305;1,638846737;;596,9347967;1406,25;1,40625;;541,1222053;1,529745043;;;;;;;;;;;;;;;;;;;;;;;
578,842451;1,644537178;;597,6199009;1411,132813;1,411132813;;540,6914451;1,535056657;;;;;;;;;;;;;;;;;;;;;;;
578,4335623;1,650227618;;598,2138606;1416,015625;1,416015625;;540,4225616;1,540368272;;;;;;;;;;;;;;;;;;;;;;;
578,3973297;1,655918058;;598,1265978;1420,898438;1,420898438;;540,2325066;1,545679887;;;;;;;;;;;;;;;;;;;;;;;
578,4202874;1,661608498;;602,0638018;1425,78125;1,42578125;;540,1571792;1,550991501;;;;;;;;;;;;;;;;;;;;;;;
578,5627315;1,667298938;;601,9162684;1430,664063;1,430664063;;540,0470077;1,556303116;;;;;;;;;;;;;;;;;;;;;;;
578,7096077;1,672989378;;601,9682406;1435,546875;1,435546875;;539,6859223;1,561614731;;;;;;;;;;;;;;;;;;;;;;;
578,9053839;1,678679818;;601,7854012;1440,429688;1,440429688;;536,3323442;1,566926346;;;;;;;;;;;;;;;;;;;;;;;
579,056509;1,684370258;;601,6501209;1445,3125;1,4453125;;536,5714879;1,57223796;;;;;;;;;;;;;;;;;;;;;;;
579,2558651;1,690060698;;601,5963674;1450,195313;1,450195313;;536,2147259;1,577549575;;;;;;;;;;;;;;;;;;;;;;;
579,3224805;1,695751138;;601,9406644;1455,078125;1,455078125;;535,4977353;1,58286119;;;;;;;;;;;;;;;;;;;;;;;
579,5019568;1,701441578;;597,6049085;1459,960938;1,459960938;;538,6142414;1,588172805;;;;;;;;;;;;;;;;;;;;;;;
579,3717672;1,707132018;;598,268149;1464,84375;1,46484375;;538,457667;1,593484419;;;;;;;;;;;;;;;;;;;;;;;
579,4619193;1,712822458;;599,0965439;1469,726563;1,469726563;;538,0301794;1,598796034;;;;;;;;;;;;;;;;;;;;;;;
579,1861002;1,718512898;;599,3444018;1474,609375;1,474609375;;538,0663889;1,604107649;;;;;;;;;;;;;;;;;;;;;;;
578,8780264;1,724203338;;598,9207959;1479,492188;1,479492188;;537,8867804;1,609419263;;;;;;;;;;;;;;;;;;;;;;;
578,7536505;1,729893778;;598,4993995;1484,375;1,484375;;537,9251391;1,614730878;;;;;;;;;;;;;;;;;;;;;;;
574,3701791;1,735584219;;598,4707283;1489,257813;1,489257813;;538,3648685;1,620042493;;;;;;;;;;;;;;;;;;;;;;;
573,8230769;1,741274659;;598,2251807;1494,140625;1,494140625;;538,2068027;1,625354108;;;;;;;;;;;;;;;;;;;;;;;
573,6199823;1,746965099;;598,0980403;1499,023438;1,499023438;;538,1957248;1,630665722;;;;;;;;;;;;;;;;;;;;;;;
573,2512816;1,752655539;;598,1096732;1503,90625;1,50390625;;537,7366137;1,635977337;;;;;;;;;;;;;;;;;;;;;;;
573,1695732;1,758345979;;598,2701802;1508,789063;1,508789063;;537,5540493;1,641288952;;;;;;;;;;;;;;;;;;;;;;;
572,9070949;1,764036419;;598,2263935;1513,671875;1,513671875;;537,2545354;1,646600567;;;;;;;;;;;;;;;;;;;;;;;
573,006081;1,769726859;;598,7873797;1518,554688;1,518554688;;537,149372;1,651912181;;;;;;;;;;;;;;;;;;;;;;;
573,0487584;1,775417299;;599,4588361;1523,4375;1,5234375;;536,9397973;1,657223796;;;;;;;;;;;;;;;;;;;;;;;
572,899963;1,781107739;;599,751229;1528,320313;1,528320313;;536,6310975;1,662535411;;;;;;;;;;;;;;;;;;;;;;;
572,6062407;1,786798179;;599,1620815;1533,203125;1,533203125;;536,536246;1,667847026;;;;;;;;;;;;;;;;;;;;;;;
572,8810125;1,792488619;;598,5487115;1538,085938;1,538085938;;536,6090683;1,67315864;;;;;;;;;;;;;;;;;;;;;;;
572,7881912;1,798179059;;598,0955944;1542,96875;1,54296875;;536,4659507;1,678470255;;;;;;;;;;;;;;;;;;;;;;;
573,1664769;1,803869499;;597,7499785;1547,851563;1,547851563;;536,5334563;1,68378187;;;;;;;;;;;;;;;;;;;;;;;
573,1066865;1,809559939;;597,2118683;1552,734375;1,552734375;;536,9280061;1,689093484;;;;;;;;;;;;;;;;;;;;;;;
576,973013;1,815250379;;596,7230743;1557,617188;1,557617188;;536,5713337;1,694405099;;;;;;;;;;;;;;;;;;;;;;;
576,7899789;1,820940819;;596,5848672;1562,5;1,5625;;536,7082665;1,699716714;;;;;;;;;;;;;;;;;;;;;;;
576,5552316;1,826631259;;596,2589868;1567,382813;1,567382813;;536,1887137;1,705028329;;;;;;;;;;;;;;;;;;;;;;;
575,9619308;1,8323217;;596,4771394;1572,265625;1,572265625;;535,9133939;1,710339943;;;;;;;;;;;;;;;;;;;;;;;
575,8022141;1,83801214;;592,6689063;1577,148438;1,577148438;;535,7224196;1,715651558;;;;;;;;;;;;;;;;;;;;;;;
575,7883306;1,84370258;;592,8351001;1582,03125;1,58203125;;535,5506607;1,720963173;;;;;;;;;;;;;;;;;;;;;;;
576,1187301;1,84939302;;592,6976876;1586,914063;1,586914063;;535,738365;1,726274788;;;;;;;;;;;;;;;;;;;;;;;
576,4550447;1,85508346;;591,3571382;1591,796875;1,591796875;;535,48249;1,731586402;;;;;;;;;;;;;;;;;;;;;;;
576,6516785;1,8607739;;595,591276;1596,679688;1,596679688;;535,3704043;1,736898017;;;;;;;;;;;;;;;;;;;;;;;
577,4451579;1,86646434;;595,4074353;1601,5625;1,6015625;;535,4847271;1,742209632;;;;;;;;;;;;;;;;;;;;;;;
577,1961074;1,87215478;;595,1011349;1606,445313;1,606445313;;532,2334031;1,747521246;;;;;;;;;;;;;;;;;;;;;;;
577,1919669;1,87784522;;594,932183;1611,328125;1,611328125;;531,9411757;1,752832861;;;;;;;;;;;;;;;;;;;;;;;
577,2293044;1,88353566;;594,6394917;1616,210938;1,616210938;;531,7178514;1,758144476;;;;;;;;;;;;;;;;;;;;;;;
577,1630202;1,8892261;;594,6815891;1621,09375;1,62109375;;531,4858672;1,763456091;;;;;;;;;;;;;;;;;;;;;;;
577,1069807;1,89491654;;595,0054767;1625,976563;1,625976563;;531,2618597;1,768767705;;;;;;;;;;;;;;;;;;;;;;;
576,9402713;1,90060698;;595,37408;1630,859375;1,630859375;;531,3576053;1,77407932;;;;;;;;;;;;;;;;;;;;;;;
576,5461989;1,90629742;;595,7907129;1635,742188;1,635742188;;531,5487048;1,779390935;;;;;;;;;;;;;;;;;;;;;;;
576,1762064;1,91198786;;595,5572034;1640,625;1,640625;;531,6555698;1,78470255;;;;;;;;;;;;;;;;;;;;;;;
575,8146524;1,9176783;;594,7406754;1645,507813;1,645507813;;531,8474794;1,790014164;;;;;;;;;;;;;;;;;;;;;;;
575,8803654;1,923368741;;594,5291221;1650,390625;1,650390625;;532,3526631;1,795325779;;;;;;;;;;;;;;;;;;;;;;;
572,0461568;1,929059181;;594,1359209;1655,273438;1,655273438;;532,8038545;1,800637394;;;;;;;;;;;;;;;;;;;;;;;
572,5622437;1,934749621;;594,5066264;1660,15625;1,66015625;;533,0521021;1,805949009;;;;;;;;;;;;;;;;;;;;;;;
572,86582;1,940440061;;594,1999278;1665,039063;1,665039063;;533,2822316;1,811260623;;;;;;;;;;;;;;;;;;;;;;;
573,2428296;1,946130501;;594,2200876;1669,921875;1,669921875;;533,3790194;1,816572238;;;;;;;;;;;;;;;;;;;;;;;
573,1953021;1,951820941;;594,4453753;1674,804688;1,674804688;;533,5243559;1,821883853;;;;;;;;;;;;;;;;;;;;;;;
572,9294843;1,957511381;;594,9650165;1679,6875;1,6796875;;533,9047357;1,827195467;;;;;;;;;;;;;;;;;;;;;;;
572,9479155;1,963201821;;595,4159966;1684,570313;1,684570313;;534,0734193;1,832507082;;;;;;;;;;;;;;;;;;;;;;;
572,5598221;1,968892261;;595,8864019;1689,453125;1,689453125;;534,6752573;1,837818697;;;;;;;;;;;;;;;;;;;;;;;
572,804416;1,974582701;;596,1107113;1694,335938;1,694335938;;535,1416984;1,843130312;;;;;;;;;;;;;;;;;;;;;;;
572,9531056;1,980273141;;595,9797208;1699,21875;1,69921875;;535,5595977;1,848441926;;;;;;;;;;;;;;;;;;;;;;;
573,2269334;1,985963581;;595,7541694;1704,101563;1,704101563;;536,4135735;1,853753541;;;;;;;;;;;;;;;;;;;;;;;
573,4878467;1,991654021;;595,6470653;1708,984375;1,708984375;;536,6695935;1,859065156;;;;;;;;;;;;;;;;;;;;;;;
573,826425;1,997344461;;594,971741;1713,867188;1,713867188;;537,1374619;1,864376771;;;;;;;;;;;;;;;;;;;;;;;
574,0817504;2,003034901;;594,7091964;1718,75;1,71875;;541,1016119;1,869688385;;;;;;;;;;;;;;;;;;;;;;;
574,1069069;2,008725341;;595,5647986;1723,632813;1,723632813;;541,5557454;1,875;;;;;;;;;;;;;;;;;;;;;;;
573,8507535;2,014415781;;595,7218517;1728,515625;1,728515625;;542,1606693;1,880311615;;;;;;;;;;;;;;;;;;;;;;;
577,8342737;2,020106222;;591,5745511;1733,398438;1,733398438;;542,9128732;1,88562323;;;;;;;;;;;;;;;;;;;;;;;
577,7457138;2,025796662;;592,5665812;1738,28125;1,73828125;;543,3777853;1,890934844;;;;;;;;;;;;;;;;;;;;;;;
577,3299616;2,031487102;;592,7724265;1743,164063;1,743164063;;543,9809955;1,896246459;;;;;;;;;;;;;;;;;;;;;;;
577,3590793;2,037177542;;592,378734;1748,046875;1,748046875;;544,4938509;1,901558074;;;;;;;;;;;;;;;;;;;;;;;
577,222771;2,042867982;;592,3243145;1752,929688;1,752929688;;544,8786407;1,906869688;;;;;;;;;;;;;;;;;;;;;;;
577,5918495;2,048558422;;596,9647903;1757,8125;1,7578125;;545,4094268;1,912181303;;;;;;;;;;;;;;;;;;;;;;;
577,8021648;2,054248862;;597,1476267;1762,695313;1,762695313;;545,8748725;1,917492918;;;;;;;;;;;;;;;;;;;;;;;
574,0607216;2,059939302;;593,7756528;1767,578125;1,767578125;;542,6943311;1,922804533;;;;;;;;;;;;;;;;;;;;;;;
574,4185685;2,065629742;;594,3651407;1772,460938;1,772460938;;543,557063;1,928116147;;;;;;;;;;;;;;;;;;;;;;;
574,4447939;2,071320182;;595,3970631;1777,34375;1,77734375;;540,2586678;1,933427762;;;;;;;;;;;;;;;;;;;;;;;
573,8412183;2,077010622;;596,6733522;1782,226563;1,782226563;;539,8854329;1,938739377;;;;;;;;;;;;;;;;;;;;;;;
573,3256591;2,082701062;;594,2595703;1787,109375;1,787109375;;542,6551598;1,944050992;;;;;;;;;;;;;;;;;;;;;;;
572,8940547;2,088391502;;595,990759;1791,992188;1,791992188;;542,2480963;1,949362606;;;;;;;;;;;;;;;;;;;;;;;
572,9095222;2,094081942;;595,0261575;1796,875;1,796875;;542,242332;1,954674221;;;;;;;;;;;;;;;;;;;;;;;
573,3568257;2,099772382;;598,4974474;1801,757813;1,801757813;;542,1904247;1,959985836;;;;;;;;;;;;;;;;;;;;;;;
573,2362454;2,105462822;;602,4135458;1806,640625;1,806640625;;542,4082547;1,96529745;;;;;;;;;;;;;;;;;;;;;;;
573,7489168;2,111153263;;602,4577063;1811,523438;1,811523438;;542,6379329;1,970609065;;;;;;;;;;;;;;;;;;;;;;;
573,8785647;2,116843703;;602,9684882;1816,40625;1,81640625;;539,9510974;1,97592068;;;;;;;;;;;;;;;;;;;;;;;
573,8229269;2,122534143;;603,10612;1821,289063;1,821289063;;540,0649115;1,981232295;;;;;;;;;;;;;;;;;;;;;;;
573,9460832;2,128224583;;599,217084;1826,171875;1,826171875;;539,3510338;1,986543909;;;;;;;;;;;;;;;;;;;;;;;
574,2688178;2,133915023;;599,7143475;1831,054688;1,831054688;;542,336626;1,991855524;;;;;;;;;;;;;;;;;;;;;;;
574,5592068;2,139605463;;600,112597;1835,9375;1,8359375;;542,3317037;1,997167139;;;;;;;;;;;;;;;;;;;;;;;
574,6476452;2,145295903;;600,7500614;1840,820313;1,840820313;;542,2275995;2,002478754;;;;;;;;;;;;;;;;;;;;;;;
574,6997193;2,150986343;;600,3132455;1845,703125;1,845703125;;542,2937214;2,007790368;;;;;;;;;;;;;;;;;;;;;;;
574,4224085;2,156676783;;603,2310451;1850,585938;1,850585938;;542,6347315;2,013101983;;;;;;;;;;;;;;;;;;;;;;;
574,2754177;2,162367223;;603,2522875;1855,46875;1,85546875;;543,0408053;2,018413598;;;;;;;;;;;;;;;;;;;;;;;
574,0446291;2,168057663;;603,3267197;1860,351563;1,860351563;;543,3511128;2,023725213;;;;;;;;;;;;;;;;;;;;;;;
574,1775348;2,173748103;;599,2545328;1865,234375;1,865234375;;543,3850736;2,029036827;;;;;;;;;;;;;;;;;;;;;;;
574,0236885;2,179438543;;599,6740331;1870,117188;1,870117188;;543,5780285;2,034348442;;;;;;;;;;;;;;;;;;;;;;;
574,4687691;2,185128983;;599,4953129;1875;1,875;;543,5009492;2,039660057;;;;;;;;;;;;;;;;;;;;;;;
574,6977629;2,190819423;;599,1269565;1879,882813;1,879882813;;543,6211628;2,044971671;;;;;;;;;;;;;;;;;;;;;;;
575,2232482;2,196509863;;599,0090112;1884,765625;1,884765625;;543,5753055;2,050283286;;;;;;;;;;;;;;;;;;;;;;;
575,6535113;2,202200303;;598,6658118;1889,648438;1,889648438;;543,7058055;2,055594901;;;;;;;;;;;;;;;;;;;;;;;
575,229623;2,207890744;;598,4647762;1894,53125;1,89453125;;544,0402797;2,060906516;;;;;;;;;;;;;;;;;;;;;;;
574,9532295;2,213581184;;598,0001733;1899,414063;1,899414063;;544,2987083;2,06621813;;;;;;;;;;;;;;;;;;;;;;;
574,4945816;2,219271624;;597,9013065;1904,296875;1,904296875;;544,6538646;2,071529745;;;;;;;;;;;;;;;;;;;;;;;
578,5307038;2,224962064;;597,7946987;1909,179688;1,909179688;;544,8216141;2,07684136;;;;;;;;;;;;;;;;;;;;;;;
578,5373294;2,230652504;;597,5758582;1914,0625;1,9140625;;545,0395319;2,082152975;;;;;;;;;;;;;;;;;;;;;;;
578,3647416;2,236342944;;597,829003;1918,945313;1,918945313;;545,2876499;2,087464589;;;;;;;;;;;;;;;;;;;;;;;
578,5846245;2,242033384;;598,3240523;1923,828125;1,923828125;;545,7823794;2,092776204;;;;;;;;;;;;;;;;;;;;;;;
574,902595;2,247723824;;598,6153646;1928,710938;1,928710938;;546,0000853;2,098087819;;;;;;;;;;;;;;;;;;;;;;;
575,268343;2,253414264;;598,7490958;1933,59375;1,93359375;;546,0996309;2,103399433;;;;;;;;;;;;;;;;;;;;;;;
575,7245892;2,259104704;;598,9104975;1938,476563;1,938476563;;546,2836156;2,108711048;;;;;;;;;;;;;;;;;;;;;;;
576,0716958;2,264795144;;599,1047216;1943,359375;1,943359375;;546,4422747;2,114022663;;;;;;;;;;;;;;;;;;;;;;;
576,6708429;2,270485584;;599,1223276;1948,242188;1,948242188;;546,5158636;2,119334278;;;;;;;;;;;;;;;;;;;;;;;
576,5628347;2,276176024;;599,0276941;1953,125;1,953125;;543,1874546;2,124645892;;;;;;;;;;;;;;;;;;;;;;;
576,7635714;2,281866464;;599,098166;1958,007813;1,958007813;;543,6598264;2,129957507;;;;;;;;;;;;;;;;;;;;;;;
576,8429124;2,287556904;;599,180887;1962,890625;1,962890625;;543,7482655;2,135269122;;;;;;;;;;;;;;;;;;;;;;;
577,0189826;2,293247344;;598,5827068;1967,773438;1,967773438;;543,8729075;2,140580737;;;;;;;;;;;;;;;;;;;;;;;
577,0516884;2,298937785;;598,0231059;1972,65625;1,97265625;;543,9425683;2,145892351;;;;;;;;;;;;;;;;;;;;;;;
576,8819291;2,304628225;;597,0942977;1977,539063;1,977539063;;544,0252783;2,151203966;;;;;;;;;;;;;;;;;;;;;;;
577,1880753;2,310318665;;596,6385749;1982,421875;1,982421875;;544,1620542;2,156515581;;;;;;;;;;;;;;;;;;;;;;;
577,4020051;2,316009105;;596,3327931;1987,304688;1,987304688;;544,2305798;2,161827196;;;;;;;;;;;;;;;;;;;;;;;
577,7232707;2,321699545;;596,5700267;1992,1875;1,9921875;;547,8349591;2,16713881;;;;;;;;;;;;;;;;;;;;;;;
578,1223346;2,327389985;;596,6187148;1997,070313;1,997070313;;547,8825778;2,172450425;;;;;;;;;;;;;;;;;;;;;;;
578,5097081;2,333080425;;597,3306675;2001,953125;2,001953125;;547,6589558;2,17776204;;;;;;;;;;;;;;;;;;;;;;;
578,4836906;2,338770865;;597,090607;2006,835938;2,006835938;;547,8412542;2,183073654;;;;;;;;;;;;;;;;;;;;;;;
578,7126168;2,344461305;;601,2380108;2011,71875;2,01171875;;547,872592;2,188385269;;;;;;;;;;;;;;;;;;;;;;;
578,6012236;2,350151745;;601,161692;2016,601563;2,016601563;;548,1198867;2,193696884;;;;;;;;;;;;;;;;;;;;;;;
578,7155408;2,355842185;;601,3511217;2021,484375;2,021484375;;548,2299818;2,199008499;;;;;;;;;;;;;;;;;;;;;;;
579,011184;2,361532625;;601,3175459;2026,367188;2,026367188;;548,4919762;2,204320113;;;;;;;;;;;;;;;;;;;;;;;
579,3385898;2,367223065;;601,4843408;2031,25;2,03125;;548,7328909;2,209631728;;;;;;;;;;;;;;;;;;;;;;;
580,0495909;2,372913505;;597,6750081;2036,132813;2,036132813;;548,9564445;2,214943343;;;;;;;;;;;;;;;;;;;;;;;
580,1933609;2,378603945;;598,122495;2041,015625;2,041015625;;548,6698924;2,220254958;;;;;;;;;;;;;;;;;;;;;;;
581,2234906;2,384294385;;602,6813024;2045,898438;2,045898438;;548,5549175;2,225566572;;;;;;;;;;;;;;;;;;;;;;;
581,868042;2,389984825;;598,6559477;2050,78125;2,05078125;;548,1867195;2,230878187;;;;;;;;;;;;;;;;;;;;;;;
582,2959942;2,395675266;;599,3489378;2055,664063;2,055664063;;548,0514406;2,236189802;;;;;;;;;;;;;;;;;;;;;;;
582,9752221;2,401365706;;599,9284793;2060,546875;2,060546875;;547,6473732;2,241501416;;;;;;;;;;;;;;;;;;;;;;;
582,9995564;2,407056146;;600,2572278;2065,429688;2,065429688;;547,2936871;2,246813031;;;;;;;;;;;;;;;;;;;;;;;
583,1340658;2,412746586;;599,8946308;2070,3125;2,0703125;;547,0496491;2,252124646;;;;;;;;;;;;;;;;;;;;;;;
583,1841494;2,418437026;;595,56549;2075,195313;2,075195313;;547,0321034;2,257436261;;;;;;;;;;;;;;;;;;;;;;;
582,9877855;2,424127466;;595,3842856;2080,078125;2,080078125;;546,939537;2,262747875;;;;;;;;;;;;;;;;;;;;;;;
582,8181581;2,429817906;;595,5987805;2084,960938;2,084960938;;547,1701155;2,26805949;;;;;;;;;;;;;;;;;;;;;;;
582,6175102;2,435508346;;599,3434156;2089,84375;2,08984375;;547,1936921;2,273371105;;;;;;;;;;;;;;;;;;;;;;;
582,5850264;2,441198786;;599,4142263;2094,726563;2,094726563;;547,2393206;2,27868272;;;;;;;;;;;;;;;;;;;;;;;
582,3442924;2,446889226;;599,2676848;2099,609375;2,099609375;;547,2031761;2,283994334;;;;;;;;;;;;;;;;;;;;;;;
582,0121075;2,452579666;;599,5505605;2104,492188;2,104492188;;546,9740116;2,289305949;;;;;;;;;;;;;;;;;;;;;;;
582,0679669;2,458270106;;600,164456;2109,375;2,109375;;546,7627954;2,294617564;;;;;;;;;;;;;;;;;;;;;;;
581,7857644;2,463960546;;600,6050873;2114,257813;2,114257813;;546,5022593;2,299929179;;;;;;;;;;;;;;;;;;;;;;;
585,7336144;2,469650986;;600,9045953;2119,140625;2,119140625;;546,3836485;2,305240793;;;;;;;;;;;;;;;;;;;;;;;
585,7900533;2,475341426;;600,9384635;2124,023438;2,124023438;;546,1766027;2,310552408;;;;;;;;;;;;;;;;;;;;;;;
586,1625977;2,481031866;;600,9295428;2128,90625;2,12890625;;546,0628531;2,315864023;;;;;;;;;;;;;;;;;;;;;;;
586,0213356;2,486722307;;600,7443156;2133,789063;2,133789063;;545,8103319;2,321175637;;;;;;;;;;;;;;;;;;;;;;;
586,1501904;2,492412747;;601,0774157;2138,671875;2,138671875;;545,8688132;2,326487252;;;;;;;;;;;;;;;;;;;;;;;
586,3939812;2,498103187;;601,0065142;2143,554688;2,143554688;;546,0905076;2,331798867;;;;;;;;;;;;;;;;;;;;;;;
586,3852069;2,503793627;;600,7499715;2148,4375;2,1484375;;545,9599764;2,337110482;;;;;;;;;;;;;;;;;;;;;;;
586,5715081;2,509484067;;601,0165183;2153,320313;2,153320313;;545,5774255;2,342422096;;;;;;;;;;;;;;;;;;;;;;;
586,5352777;2,515174507;;601,1466416;2158,203125;2,158203125;;545,0989472;2,347733711;;;;;;;;;;;;;;;;;;;;;;;
586,5023509;2,520864947;;600,860723;2163,085938;2,163085938;;544,6906238;2,353045326;;;;;;;;;;;;;;;;;;;;;;;
586,8783885;2,526555387;;601,476133;2167,96875;2,16796875;;544,3935481;2,358356941;;;;;;;;;;;;;;;;;;;;;;;
586,8283709;2,532245827;;601,7925777;2172,851563;2,172851563;;544,153247;2,363668555;;;;;;;;;;;;;;;;;;;;;;;
587,1438731;2,537936267;;601,6504193;2177,734375;2,177734375;;540,0617101;2,36898017;;;;;;;;;;;;;;;;;;;;;;;
587,3902751;2,543626707;;596,7436132;2182,617188;2,182617188;;539,9789663;2,374291785;;;;;;;;;;;;;;;;;;;;;;;
587,3140455;2,549317147;;600,7170186;2187,5;2,1875;;539,9072458;2,379603399;;;;;;;;;;;;;;;;;;;;;;;
586,9043;2,555007587;;600,5065257;2192,382813;2,192382813;;540,0225622;2,384915014;;;;;;;;;;;;;;;;;;;;;;;
586,730223;2,560698027;;600,5431089;2197,265625;2,197265625;;539,7645071;2,390226629;;;;;;;;;;;;;;;;;;;;;;;
586,4412704;2,566388467;;600,8206415;2202,148438;2,202148438;;539,3740375;2,395538244;;;;;;;;;;;;;;;;;;;;;;;
586,440345;2,572078907;;600,7304549;2207,03125;2,20703125;;538,8365678;2,400849858;;;;;;;;;;;;;;;;;;;;;;;
586,3991142;2,577769347;;601,4003213;2211,914063;2,211914063;;537,8936382;2,406161473;;;;;;;;;;;;;;;;;;;;;;;
586,3343414;2,583459788;;597,3727724;2216,796875;2,216796875;;541,3210787;2,411473088;;;;;;;;;;;;;;;;;;;;;;;
586,4204352;2,589150228;;597,3669325;2221,679688;2,221679688;;541,2998405;2,416784703;;;;;;;;;;;;;;;;;;;;;;;
586,3203906;2,594840668;;598,3208112;2226,5625;2,2265625;;541,3535431;2,422096317;;;;;;;;;;;;;;;;;;;;;;;
586,0884848;2,600531108;;598,7477215;2231,445313;2,231445313;;541,3877135;2,427407932;;;;;;;;;;;;;;;;;;;;;;;
585,5490802;2,606221548;;599,0332018;2236,328125;2,236328125;;541,5681346;2,432719547;;;;;;;;;;;;;;;;;;;;;;;
584,8105567;2,611911988;;598,4304888;2241,210938;2,241210938;;541,7394898;2,438031162;;;;;;;;;;;;;;;;;;;;;;;
584,335945;2,617602428;;602,4509848;2246,09375;2,24609375;;538,334191;2,443342776;;;;;;;;;;;;;;;;;;;;;;;
584,0245886;2,623292868;;602,0409699;2250,976563;2,250976563;;538,0813595;2,448654391;;;;;;;;;;;;;;;;;;;;;;;
583,7097987;2,628983308;;602,2104926;2255,859375;2,255859375;;537,815806;2,453966006;;;;;;;;;;;;;;;;;;;;;;;
583,7239233;2,634673748;;602,1862266;2260,742188;2,260742188;;541,1037471;2,45927762;;;;;;;;;;;;;;;;;;;;;;;
583,5251903;2,640364188;;602,3416799;2265,625;2,265625;;540,7295755;2,464589235;;;;;;;;;;;;;;;;;;;;;;;
583,2662227;2,646054628;;602,2493589;2270,507813;2,270507813;;540,4010219;2,46990085;;;;;;;;;;;;;;;;;;;;;;;
583,0056815;2,651745068;;602,40245;2275,390625;2,275390625;;540,2364842;2,475212465;;;;;;;;;;;;;;;;;;;;;;;
582,7147546;2,657435508;;602,4380887;2280,273438;2,280273438;;539,8784895;2,480524079;;;;;;;;;;;;;;;;;;;;;;;
582,3270089;2,663125948;;603,0920432;2285,15625;2,28515625;;539,5830946;2,485835694;;;;;;;;;;;;;;;;;;;;;;;
581,9196521;2,668816388;;603,5382902;2290,039063;2,290039063;;539,7130405;2,491147309;;;;;;;;;;;;;;;;;;;;;;;
581,9475602;2,674506829;;603,9538173;2294,921875;2,294921875;;539,5254229;2,496458924;;;;;;;;;;;;;;;;;;;;;;;
581,6075109;2,680197269;;603,5459622;2299,804688;2,299804688;;539,589515;2,501770538;;;;;;;;;;;;;;;;;;;;;;;
581,4058109;2,685887709;;603,2791963;2304,6875;2,3046875;;539,6247793;2,507082153;;;;;;;;;;;;;;;;;;;;;;;
581,4390014;2,691578149;;603,3058279;2309,570313;2,309570313;;539,4177935;2,512393768;;;;;;;;;;;;;;;;;;;;;;;
581,1923116;2,697268589;;603,6513161;2314,453125;2,314453125;;539,4797336;2,517705382;;;;;;;;;;;;;;;;;;;;;;;
580,8636001;2,702959029;;603,2189702;2319,335938;2,319335938;;539,3186729;2,523016997;;;;;;;;;;;;;;;;;;;;;;;
580,3179008;2,708649469;;603,3952826;2324,21875;2,32421875;;539,0344442;2,528328612;;;;;;;;;;;;;;;;;;;;;;;
583,7395038;2,714339909;;603,3626683;2329,101563;2,329101563;;538,8373986;2,533640227;;;;;;;;;;;;;;;;;;;;;;;
583,6186906;2,720030349;;603,5323233;2333,984375;2,333984375;;538,8517337;2,538951841;;;;;;;;;;;;;;;;;;;;;;;
583,2907535;2,725720789;;604,0535364;2338,867188;2,338867188;;538,9321706;2,544263456;;;;;;;;;;;;;;;;;;;;;;;
582,983607;2,731411229;;604,4367119;2343,75;2,34375;;539,1584894;2,549575071;;;;;;;;;;;;;;;;;;;;;;;
582,6015645;2,737101669;;604,902982;2348,632813;2,348632813;;539,5094949;2,554886686;;;;;;;;;;;;;;;;;;;;;;;
582,1810805;2,742792109;;604,8123875;2353,515625;2,353515625;;539,6019193;2,5601983;;;;;;;;;;;;;;;;;;;;;;;
581,9907694;2,748482549;;604,25338;2358,398438;2,358398438;;539,8727827;2,565509915;;;;;;;;;;;;;;;;;;;;;;;
582,0448806;2,754172989;;603,8738817;2363,28125;2,36328125;;539,9065323;2,57082153;;;;;;;;;;;;;;;;;;;;;;;
582,0099237;2,759863429;;603,6250656;2368,164063;2,368164063;;540,1978053;2,576133145;;;;;;;;;;;;;;;;;;;;;;;
582,2245283;2,765553869;;603,7019667;2373,046875;2,373046875;;540,4881852;2,581444759;;;;;;;;;;;;;;;;;;;;;;;
581,991804;2,77124431;;603,8996938;2377,929688;2,377929688;;540,7938382;2,586756374;;;;;;;;;;;;;;;;;;;;;;;
581,5265144;2,77693475;;603,5811833;2382,8125;2,3828125;;541,2687375;2,592067989;;;;;;;;;;;;;;;;;;;;;;;
580,552199;2,78262519;;603,8281417;2387,695313;2,387695313;;541,7004371;2,597379603;;;;;;;;;;;;;;;;;;;;;;;
580,1032937;2,78831563;;603,9263358;2392,578125;2,392578125;;538,5206992;2,602691218;;;;;;;;;;;;;;;;;;;;;;;
579,9541503;2,79400607;;603,8901628;2397,460938;2,397460938;;539,4841163;2,608002833;;;;;;;;;;;;;;;;;;;;;;;
579,5829877;2,79969651;;604,275849;2402,34375;2,40234375;;540,1357669;2,613314448;;;;;;;;;;;;;;;;;;;;;;;
579,300264;2,80538695;;604,774687;2407,226563;2,407226563;;540,7875064;2,618626062;;;;;;;;;;;;;;;;;;;;;;;
579,0274225;2,81107739;;604,6149853;2412,109375;2,412109375;;541,3171078;2,623937677;;;;;;;;;;;;;;;;;;;;;;;
578,6824735;2,81676783;;603,9547037;2416,992188;2,416992188;;541,7191642;2,629249292;;;;;;;;;;;;;;;;;;;;;;;
578,4420242;2,82245827;;603,3630828;2421,875;2,421875;;541,9463975;2,634560907;;;;;;;;;;;;;;;;;;;;;;;
578,5998186;2,82814871;;603,1090201;2426,757813;2,426757813;;542,614725;2,639872521;;;;;;;;;;;;;;;;;;;;;;;
578,8765096;2,83383915;;602,8080587;2431,640625;2,431640625;;542,8964836;2,645184136;;;;;;;;;;;;;;;;;;;;;;;
578,7659984;2,83952959;;602,7181599;2436,523438;2,436523438;;543,3178436;2,650495751;;;;;;;;;;;;;;;;;;;;;;;
578,38434;2,84522003;;602,2292196;2441,40625;2,44140625;;543,9132488;2,655807366;;;;;;;;;;;;;;;;;;;;;;;
577,8640363;2,85091047;;602,1712343;2446,289063;2,446289063;;544,6847919;2,66111898;;;;;;;;;;;;;;;;;;;;;;;
577,4308982;2,85660091;;602,4742802;2451,171875;2,451171875;;545,2584624;2,666430595;;;;;;;;;;;;;;;;;;;;;;;
577,2098357;2,862291351;;602,5757426;2456,054688;2,456054688;;545,5840372;2,67174221;;;;;;;;;;;;;;;;;;;;;;;
577,1251871;2,867981791;;603,5864198;2460,9375;2,4609375;;545,9076821;2,677053824;;;;;;;;;;;;;;;;;;;;;;;
576,7029177;2,873672231;;603,500354;2465,820313;2,465820313;;546,417225;2,682365439;;;;;;;;;;;;;;;;;;;;;;;
575,8797456;2,879362671;;603,5527339;2470,703125;2,470703125;;546,9598541;2,687677054;;;;;;;;;;;;;;;;;;;;;;;
575,3436287;2,885053111;;603,1523039;2475,585938;2,475585938;;547,3464226;2,692988669;;;;;;;;;;;;;;;;;;;;;;;
575,0470988;2,890743551;;603,0744786;2480,46875;2,48046875;;547,9437079;2,698300283;;;;;;;;;;;;;;;;;;;;;;;
579,4259984;2,896433991;;602,9555397;2485,351563;2,485351563;;548,4140365;2,703611898;;;;;;;;;;;;;;;;;;;;;;;
579,626342;2,902124431;;603,3472945;2490,234375;2,490234375;;548,797963;2,708923513;;;;;;;;;;;;;;;;;;;;;;;
579,7523424;2,907814871;;604,2586424;2495,117188;2,495117188;;549,3580168;2,714235128;;;;;;;;;;;;;;;;;;;;;;;
575,3976313;2,913505311;;604,4021453;2500;2,5;;549,7896408;2,719546742;;;;;;;;;;;;;;;;;;;;;;;
574,9459212;2,919195751;;604,8282043;2504,882813;2,504882813;;549,6693546;2,724858357;;;;;;;;;;;;;;;;;;;;;;;
578,4896254;2,924886191;;604,9358439;2509,765625;2,509765625;;549,5565294;2,730169972;;;;;;;;;;;;;;;;;;;;;;;
577,9228535;2,930576631;;605,1753907;2514,648438;2,514648438;;549,1848269;2,735481586;;;;;;;;;;;;;;;;;;;;;;;
577,6221392;2,936267071;;605,0776936;2519,53125;2,51953125;;548,8264282;2,740793201;;;;;;;;;;;;;;;;;;;;;;;
577,7393934;2,941957511;;604,9511844;2524,414063;2,524414063;;548,7745453;2,746104816;;;;;;;;;;;;;;;;;;;;;;;
577,767984;2,947647951;;605,1621559;2529,296875;2,529296875;;548,7561133;2,751416431;;;;;;;;;;;;;;;;;;;;;;;
577,5406083;2,953338392;;609,7186726;2534,179688;2,534179688;;548,5714048;2,756728045;;;;;;;;;;;;;;;;;;;;;;;
577,6425846;2,959028832;;609,9340481;2539,0625;2,5390625;;548,3738288;2,76203966;;;;;;;;;;;;;;;;;;;;;;;
577,3702601;2,964719272;;610,482453;2543,945313;2,543945313;;548,5040229;2,767351275;;;;;;;;;;;;;;;;;;;;;;;
577,38824;2,970409712;;611,1793517;2548,828125;2,548828125;;548,4522146;2,77266289;;;;;;;;;;;;;;;;;;;;;;;
577,0609469;2,976100152;;611,5264353;2553,710938;2,553710938;;547,8043217;2,777974504;;;;;;;;;;;;;;;;;;;;;;;
576,83027;2,981790592;;611,6336164;2558,59375;2,55859375;;546,9241496;2,783286119;;;;;;;;;;;;;;;;;;;;;;;
576,7281798;2,987481032;;611,0405055;2563,476563;2,563476563;;550,0738237;2,788597734;;;;;;;;;;;;;;;;;;;;;;;
576,5758954;2,993171472;;611,5224853;2568,359375;2,568359375;;549,5723214;2,793909349;;;;;;;;;;;;;;;;;;;;;;;
576,4040136;2,998861912;;611,4287266;2573,242188;2,573242188;;549,1768628;2,799220963;;;;;;;;;;;;;;;;;;;;;;;
576,2805277;3,004552352;;611,6313208;2578,125;2,578125;;548,7729579;2,804532578;;;;;;;;;;;;;;;;;;;;;;;
576,0386899;3,010242792;;611,1593218;2583,007813;2,583007813;;544,5691218;2,809844193;;;;;;;;;;;;;;;;;;;;;;;
575,3444887;3,015933232;;611,366989;2587,890625;2,587890625;;544,4151278;2,815155807;;;;;;;;;;;;;;;;;;;;;;;
574,8223856;3,021623672;;611,5128326;2592,773438;2,592773438;;543,8435958;2,820467422;;;;;;;;;;;;;;;;;;;;;;;
574,6974223;3,027314112;;611,5676727;2597,65625;2,59765625;;543,3367429;2,825779037;;;;;;;;;;;;;;;;;;;;;;;
574,4305504;3,033004552;;611,1907457;2602,539063;2,602539063;;542,668283;2,831090652;;;;;;;;;;;;;;;;;;;;;;;
574,107512;3,038694992;;610,9963859;2607,421875;2,607421875;;542,3483711;2,836402266;;;;;;;;;;;;;;;;;;;;;;;
573,8196501;3,044385432;;611,2502781;2612,304688;2,612304688;;541,8023974;2,841713881;;;;;;;;;;;;;;;;;;;;;;;
573,7681601;3,050075873;;611,527667;2617,1875;2,6171875;;541,4429154;2,847025496;;;;;;;;;;;;;;;;;;;;;;;
573,4988043;3,055766313;;610,7586366;2622,070313;2,622070313;;540,6570327;2,852337111;;;;;;;;;;;;;;;;;;;;;;;
573,1591763;3,061456753;;610,7489873;2626,953125;2,626953125;;539,7508451;2,857648725;;;;;;;;;;;;;;;;;;;;;;;
572,8588109;3,067147193;;610,6835599;2631,835938;2,631835938;;538,7995137;2,86296034;;;;;;;;;;;;;;;;;;;;;;;
572,9504622;3,072837633;;610,8177195;2636,71875;2,63671875;;538,0074129;2,868271955;;;;;;;;;;;;;;;;;;;;;;;
572,6886418;3,078528073;;610,6782267;2641,601563;2,641601563;;537,516481;2,873583569;;;;;;;;;;;;;;;;;;;;;;;
572,3748215;3,084218513;;610,6943442;2646,484375;2,646484375;;536,7765407;2,878895184;;;;;;;;;;;;;;;;;;;;;;;
572,1444059;3,089908953;;610,3739882;2651,367188;2,651367188;;536,3779891;2,884206799;;;;;;;;;;;;;;;;;;;;;;;
571,9160334;3,095599393;;610,2176344;2656,25;2,65625;;535,7835045;2,889518414;;;;;;;;;;;;;;;;;;;;;;;
571,9889516;3,101289833;;609,7852118;2661,132813;2,661132813;;535,3537707;2,894830028;;;;;;;;;;;;;;;;;;;;;;;
571,9458039;3,106980273;;609,4689768;2666,015625;2,666015625;;534,866868;2,900141643;;;;;;;;;;;;;;;;;;;;;;;
572,0820048;3,112670713;;609,4736748;2670,898438;2,670898438;;534,4710131;2,905453258;;;;;;;;;;;;;;;;;;;;;;;
572,0954274;3,118361153;;609,5492224;2675,78125;2,67578125;;534,225018;2,910764873;;;;;;;;;;;;;;;;;;;;;;;
572,0625681;3,124051593;;609,0731996;2680,664063;2,680664063;;533,9248742;2,916076487;;;;;;;;;;;;;;;;;;;;;;;
571,836318;3,129742033;;608,5400151;2685,546875;2,685546875;;533,7493382;2,921388102;;;;;;;;;;;;;;;;;;;;;;;
571,9329985;3,135432473;;608,3419973;2690,429688;2,690429688;;533,6169874;2,926699717;;;;;;;;;;;;;;;;;;;;;;;
576,5684341;3,141122914;;607,8668508;2695,3125;2,6953125;;533,3582375;2,932011332;;;;;;;;;;;;;;;;;;;;;;;
577,0670922;3,146813354;;607,4597407;2700,195313;2,700195313;;532,8511962;2,937322946;;;;;;;;;;;;;;;;;;;;;;;
577,1056397;3,152503794;;607,0572368;2705,078125;2,705078125;;532,4831283;2,942634561;;;;;;;;;;;;;;;;;;;;;;;
577,0647569;3,158194234;;606,5429461;2709,960938;2,709960938;;532,0426894;2,947946176;;;;;;;;;;;;;;;;;;;;;;;
576,7141287;3,163884674;;606,3090105;2714,84375;2,71484375;;531,6702661;2,95325779;;;;;;;;;;;;;;;;;;;;;;;
576,6880814;3,169575114;;606,4157749;2719,726563;2,719726563;;531,4305572;2,958569405;;;;;;;;;;;;;;;;;;;;;;;
576,8153701;3,175265554;;606,8133292;2724,609375;2,724609375;;531,2208187;2,96388102;;;;;;;;;;;;;;;;;;;;;;;
576,7147046;3,180955994;;606,8556822;2729,492188;2,729492188;;531,0487095;2,969192635;;;;;;;;;;;;;;;;;;;;;;;
577,0057732;3,186646434;;606,3824607;2734,375;2,734375;;530,7653581;2,974504249;;;;;;;;;;;;;;;;;;;;;;;
577,0844047;3,192336874;;605,6777841;2739,257813;2,739257813;;531,0325139;2,979815864;;;;;;;;;;;;;;;;;;;;;;;
577,5279315;3,198027314;;605,5082831;2744,140625;2,744140625;;530,7991284;2,985127479;;;;;;;;;;;;;;;;;;;;;;;
577,4205083;3,203717754;;605,4691062;2749,023438;2,749023438;;530,1182435;2,990439094;;;;;;;;;;;;;;;;;;;;;;;
577,2571124;3,209408194;;605,4223628;2753,90625;2,75390625;;529,5548485;2,995750708;;;;;;;;;;;;;;;;;;;;;;;
576,9396158;3,215098634;;605,5983761;2758,789063;2,758789063;;529,2033092;3,001062323;;;;;;;;;;;;;;;;;;;;;;;
577,0677717;3,220789074;;605,691821;2763,671875;2,763671875;;528,7713066;3,006373938;;;;;;;;;;;;;;;;;;;;;;;
577,1684057;3,226479514;;606,2561104;2768,554688;2,768554688;;528,5247255;3,011685552;;;;;;;;;;;;;;;;;;;;;;;
577,3635926;3,232169954;;606,5203965;2773,4375;2,7734375;;528,140652;3,016997167;;;;;;;;;;;;;;;;;;;;;;;
577,2280505;3,237860395;;606,9237683;2778,320313;2,778320313;;527,9326995;3,022308782;;;;;;;;;;;;;;;;;;;;;;;
577,0622746;3,243550835;;607,3952887;2783,203125;2,783203125;;528,4446096;3,027620397;;;;;;;;;;;;;;;;;;;;;;;
576,9043745;3,249241275;;607,3273485;2788,085938;2,788085938;;528,2481999;3,032932011;;;;;;;;;;;;;;;;;;;;;;;
576,6952143;3,254931715;;607,5913987;2792,96875;2,79296875;;527,3201204;3,038243626;;;;;;;;;;;;;;;;;;;;;;;
576,2620278;3,260622155;;607,0307588;2797,851563;2,797851563;;525,8558472;3,043555241;;;;;;;;;;;;;;;;;;;;;;;
575,9883921;3,266312595;;606,2580541;2802,734375;2,802734375;;524,8033522;3,048866856;;;;;;;;;;;;;;;;;;;;;;;
575,7892612;3,272003035;;605,8434502;2807,617188;2,807617188;;524,0788342;3,05417847;;;;;;;;;;;;;;;;;;;;;;;
575,5580602;3,277693475;;610,1809863;2812,5;2,8125;;523,2318473;3,059490085;;;;;;;;;;;;;;;;;;;;;;;
575,4368973;3,283383915;;610,4590461;2817,382813;2,817382813;;522,0003811;3,0648017;;;;;;;;;;;;;;;;;;;;;;;
575,4833231;3,289074355;;610,9285957;2822,265625;2,822265625;;520,8948162;3,070113315;;;;;;;;;;;;;;;;;;;;;;;
575,1259484;3,294764795;;611,04963;2827,148438;2,827148438;;519,3856476;3,075424929;;;;;;;;;;;;;;;;;;;;;;;
574,9129633;3,300455235;;611,8534882;2832,03125;2,83203125;;520,7837154;3,080736544;;;;;;;;;;;;;;;;;;;;;;;
574,3067916;3,306145675;;612,1074408;2836,914063;2,836914063;;519,4996913;3,086048159;;;;;;;;;;;;;;;;;;;;;;;
574,4276492;3,311836115;;608,3691317;2841,796875;2,841796875;;518,2299;3,091359773;;;;;;;;;;;;;;;;;;;;;;;
574,3748509;3,317526555;;608,5149313;2846,679688;2,846679688;;516,6721425;3,096671388;;;;;;;;;;;;;;;;;;;;;;;
574,6968951;3,323216995;;608,6314191;2851,5625;2,8515625;;515,5190467;3,101983003;;;;;;;;;;;;;;;;;;;;;;;
574,6943197;3,328907436;;608,7666149;2856,445313;2,856445313;;514,1110299;3,107294618;;;;;;;;;;;;;;;;;;;;;;;
574,4720971;3,334597876;;608,3459259;2861,328125;2,861328125;;512,7139472;3,112606232;;;;;;;;;;;;;;;;;;;;;;;
574,3320093;3,340288316;;612,9633514;2866,210938;2,866210938;;511,2503732;3,117917847;;;;;;;;;;;;;;;;;;;;;;;
573,8531022;3,345978756;;612,9975109;2871,09375;2,87109375;;509,5190804;3,123229462;;;;;;;;;;;;;;;;;;;;;;;
573,0587653;3,351669196;;613,1605402;2875,976563;2,875976563;;507,4787396;3,128541077;;;;;;;;;;;;;;;;;;;;;;;
572,460568;3,357359636;;613,2004279;2880,859375;2,880859375;;505,8961499;3,133852691;;;;;;;;;;;;;;;;;;;;;;;
572,3619048;3,363050076;;613,5830438;2885,742188;2,885742188;;503,8660974;3,139164306;;;;;;;;;;;;;;;;;;;;;;;
571,9492249;3,368740516;;613,1512497;2890,625;2,890625;;501,8281272;3,144475921;;;;;;;;;;;;;;;;;;;;;;;
571,6463808;3,374430956;;612,699466;2895,507813;2,895507813;;499,1338994;3,149787535;;;;;;;;;;;;;;;;;;;;;;;
571,640697;3,380121396;;612,7578722;2900,390625;2,900390625;;497,0085389;3,15509915;;;;;;;;;;;;;;;;;;;;;;;
571,5858682;3,385811836;;612,5972341;2905,273438;2,905273438;;494,7355043;3,160410765;;;;;;;;;;;;;;;;;;;;;;;
571,4767934;3,391502276;;612,1772824;2910,15625;2,91015625;;492,1526752;3,16572238;;;;;;;;;;;;;;;;;;;;;;;
571,0070537;3,397192716;;611,6780591;2915,039063;2,915039063;;489,3532189;3,171033994;;;;;;;;;;;;;;;;;;;;;;;
570,5514537;3,402883156;;611,310605;2919,921875;2,919921875;;486,4980361;3,176345609;;;;;;;;;;;;;;;;;;;;;;;
570,167167;3,408573596;;611,2992504;2924,804688;2,924804688;;483,8034894;3,181657224;;;;;;;;;;;;;;;;;;;;;;;
569,752688;3,414264036;;611,0151871;2929,6875;2,9296875;;481,3372917;3,186968839;;;;;;;;;;;;;;;;;;;;;;;
569,5535511;3,419954476;;611,041258;2934,570313;2,934570313;;477,956398;3,192280453;;;;;;;;;;;;;;;;;;;;;;;
569,2382676;3,425644917;;611,3019308;2939,453125;2,939453125;;475,0045589;3,197592068;;;;;;;;;;;;;;;;;;;;;;;
569,23407;3,431335357;;610,8702842;2944,335938;2,944335938;;471,7804449;3,202903683;;;;;;;;;;;;;;;;;;;;;;;
568,7130452;3,437025797;;610,4405574;2949,21875;2,94921875;;467,5426786;3,208215298;;;;;;;;;;;;;;;;;;;;;;;
568,1920448;3,442716237;;610,5265106;2954,101563;2,954101563;;465,4729077;3,213526912;;;;;;;;;;;;;;;;;;;;;;;
567,5764953;3,448406677;;610,4210733;2958,984375;2,958984375;;461,0267529;3,218838527;;;;;;;;;;;;;;;;;;;;;;;
566,7682545;3,454097117;;610,5380387;2963,867188;2,963867188;;456,0634739;3,224150142;;;;;;;;;;;;;;;;;;;;;;;
566,2883453;3,459787557;;610,5002467;2968,75;2,96875;;451,557104;3,229461756;;;;;;;;;;;;;;;;;;;;;;;
569,9574874;3,465477997;;610,3536903;2973,632813;2,973632813;;445,9331725;3,234773371;;;;;;;;;;;;;;;;;;;;;;;
570,0107117;3,471168437;;609,7546932;2978,515625;2,978515625;;442,0579963;3,240084986;;;;;;;;;;;;;;;;;;;;;;;
569,4621824;3,476858877;;609,5969763;2983,398438;2,983398438;;438,3178816;3,245396601;;;;;;;;;;;;;;;;;;;;;;;
569,3965039;3,482549317;;609,3467704;2988,28125;2,98828125;;432,8977071;3,250708215;;;;;;;;;;;;;;;;;;;;;;;
569,2188454;3,488239757;;609,1955528;2993,164063;2,993164063;;426,9581289;3,25601983;;;;;;;;;;;;;;;;;;;;;;;
568,8748066;3,493930197;;608,8270806;2998,046875;2,998046875;;421,7780435;3,261331445;;;;;;;;;;;;;;;;;;;;;;;
568,275212;3,499620637;;608,5225941;3002,929688;3,002929688;;416,6553508;3,26664306;;;;;;;;;;;;;;;;;;;;;;;
567,8525811;3,505311077;;607,4407045;3007,8125;3,0078125;;411,8022352;3,271954674;;;;;;;;;;;;;;;;;;;;;;;
567,8354496;3,511001517;;607,382135;3012,695313;3,012695313;;406,8524843;3,277266289;;;;;;;;;;;;;;;;;;;;;;;
567,0874809;3,516691958;;607,4638475;3017,578125;3,017578125;;401,9690568;3,282577904;;;;;;;;;;;;;;;;;;;;;;;
566,4152091;3,522382398;;607,5151177;3022,460938;3,022460938;;398,328182;3,287889518;;;;;;;;;;;;;;;;;;;;;;;
565,9783914;3,528072838;;607,7468115;3027,34375;3,02734375;;396,6950134;3,293201133;;;;;;;;;;;;;;;;;;;;;;;
565,6373881;3,533763278;;607,8178331;3032,226563;3,032226563;;396,2382482;3,298512748;;;;;;;;;;;;;;;;;;;;;;;
565,4284224;3,539453718;;607,6637853;3037,109375;3,037109375;;394,3043251;3,303824363;;;;;;;;;;;;;;;;;;;;;;;
565,0766745;3,545144158;;607,0735067;3041,992188;3,041992188;;394,2504987;3,309135977;;;;;;;;;;;;;;;;;;;;;;;
565,1827113;3,550834598;;606,9221371;3046,875;3,046875;;391,3723889;3,314447592;;;;;;;;;;;;;;;;;;;;;;;
565,1456608;3,556525038;;606,6105806;3051,757813;3,051757813;;389,1801876;3,319759207;;;;;;;;;;;;;;;;;;;;;;;
564,9867613;3,562215478;;606,8981368;3056,640625;3,056640625;;386,8184828;3,325070822;;;;;;;;;;;;;;;;;;;;;;;
564,6938957;3,567905918;;606,7382467;3061,523438;3,061523438;;386,1383007;3,330382436;;;;;;;;;;;;;;;;;;;;;;;
564,6660767;3,573596358;;606,824824;3066,40625;3,06640625;;386,308272;3,335694051;;;;;;;;;;;;;;;;;;;;;;;
564,3759243;3,579286798;;606,9251536;3071,289063;3,071289063;;381,9416551;3,341005666;;;;;;;;;;;;;;;;;;;;;;;
564,408524;3,584977238;;606,9858831;3076,171875;3,076171875;;;3,346317281;;;;;;;;;;;;;;;;;;;;;;;
564,1135648;3,590667678;;606,8476224;3081,054688;3,081054688;;;3,351628895;;;;;;;;;;;;;;;;;;;;;;;
563,6808035;3,596358118;;607,2712729;3085,9375;3,0859375;;;3,35694051;;;;;;;;;;;;;;;;;;;;;;;
563,2572035;3,602048558;;607,1612568;3090,820313;3,090820313;;;3,362252125;;;;;;;;;;;;;;;;;;;;;;;
562,8333258;3,607738998;;606,6072647;3095,703125;3,095703125;;;3,367563739;;;;;;;;;;;;;;;;;;;;;;;
562,760178;3,613429439;;605,9296541;3100,585938;3,100585938;;;3,372875354;;;;;;;;;;;;;;;;;;;;;;;
562,5500097;3,619119879;;605,769213;3105,46875;3,10546875;;;3,378186969;;;;;;;;;;;;;;;;;;;;;;;
562,5747669;3,624810319;;605,5553718;3110,351563;3,110351563;;;3,383498584;;;;;;;;;;;;;;;;;;;;;;;
562,7524761;3,630500759;;605,5764459;3115,234375;3,115234375;;;3,388810198;;;;;;;;;;;;;;;;;;;;;;;
562,7986403;3,636191199;;605,4278494;3120,117188;3,120117188;;;3,394121813;;;;;;;;;;;;;;;;;;;;;;;
561,9454668;3,641881639;;605,1263231;3125;3,125;;;3,399433428;;;;;;;;;;;;;;;;;;;;;;;
565,7995615;3,647572079;;605,0963753;3129,882813;3,129882813;;;3,404745043;;;;;;;;;;;;;;;;;;;;;;;
565,684088;3,653262519;;605,387437;3134,765625;3,134765625;;;3,410056657;;;;;;;;;;;;;;;;;;;;;;;
565,3036719;3,658952959;;605,4454004;3139,648438;3,139648438;;;3,415368272;;;;;;;;;;;;;;;;;;;;;;;
565,2657605;3,664643399;;605,8629074;3144,53125;3,14453125;;;3,420679887;;;;;;;;;;;;;;;;;;;;;;;
564,9469996;3,670333839;;606,0061331;3149,414063;3,149414063;;;3,425991501;;;;;;;;;;;;;;;;;;;;;;;
564,5902809;3,676024279;;605,7709635;3154,296875;3,154296875;;;3,431303116;;;;;;;;;;;;;;;;;;;;;;;
564,4400167;3,681714719;;605,4564282;3159,179688;3,159179688;;;3,436614731;;;;;;;;;;;;;;;;;;;;;;;
564,3852777;3,687405159;;604,4601351;3164,0625;3,1640625;;;3,441926346;;;;;;;;;;;;;;;;;;;;;;;
564,2903088;3,693095599;;609,2530853;3168,945313;3,168945313;;;3,44723796;;;;;;;;;;;;;;;;;;;;;;;
563,7254284;3,698786039;;609,072117;3173,828125;3,173828125;;;3,452549575;;;;;;;;;;;;;;;;;;;;;;;
563,5569712;3,70447648;;609,374555;3178,710938;3,178710938;;;3,45786119;;;;;;;;;;;;;;;;;;;;;;;
563,2834662;3,71016692;;609,3912497;3183,59375;3,18359375;;;3,463172805;;;;;;;;;;;;;;;;;;;;;;;
562,7846868;3,71585736;;609,1298899;3188,476563;3,188476563;;;3,468484419;;;;;;;;;;;;;;;;;;;;;;;
562,3569897;3,7215478;;608,7217357;3193,359375;3,193359375;;;3,473796034;;;;;;;;;;;;;;;;;;;;;;;
562,2117165;3,72723824;;608,9119227;3198,242188;3,198242188;;;3,479107649;;;;;;;;;;;;;;;;;;;;;;;
561,9024976;3,73292868;;603,9635971;3203,125;3,203125;;;3,484419264;;;;;;;;;;;;;;;;;;;;;;;
561,6776765;3,73861912;;604,4799622;3208,007813;3,208007813;;;3,489730878;;;;;;;;;;;;;;;;;;;;;;;
561,26968;3,74430956;;604,4791363;3212,890625;3,212890625;;;3,495042493;;;;;;;;;;;;;;;;;;;;;;;
560,7340881;3,75;;604,5337992;3217,773438;3,217773438;;;3,500354108;;;;;;;;;;;;;;;;;;;;;;;
559,026916;3,75569044;;609,3464883;3222,65625;3,22265625;;;3,505665722;;;;;;;;;;;;;;;;;;;;;;;
;;;609,699299;3227,539063;3,227539063;;;3,510977337;;;;;;;;;;;;;;;;;;;;;;;
;;;609,391617;3232,421875;3,232421875;;;3,516288952;;;;;;;;;;;;;;;;;;;;;;;
;;;609,1549402;3237,304688;3,237304688;;;3,521600567;;;;;;;;;;;;;;;;;;;;;;;
;;;609,4853625;3242,1875;3,2421875;;;3,526912181;;;;;;;;;;;;;;;;;;;;;;;
;;;609,9058267;3247,070313;3,247070313;;;3,532223796;;;;;;;;;;;;;;;;;;;;;;;
;;;605,6070688;3251,953125;3,251953125;;;3,537535411;;;;;;;;;;;;;;;;;;;;;;;
;;;606,303702;3256,835938;3,256835938;;;3,542847026;;;;;;;;;;;;;;;;;;;;;;;
;;;606,6332744;3261,71875;3,26171875;;;3,54815864;;;;;;;;;;;;;;;;;;;;;;;
;;;606,9710103;3266,601563;3,266601563;;;3,553470255;;;;;;;;;;;;;;;;;;;;;;;
;;;607,068387;3271,484375;3,271484375;;;3,55878187;;;;;;;;;;;;;;;;;;;;;;;
;;;607,7769822;3276,367188;3,276367188;;;3,564093485;;;;;;;;;;;;;;;;;;;;;;;
;;;608,3258703;3281,25;3,28125;;;3,569405099;;;;;;;;;;;;;;;;;;;;;;;
;;;604,8283801;3286,132813;3,286132813;;;3,574716714;;;;;;;;;;;;;;;;;;;;;;;
;;;606,1720052;3291,015625;3,291015625;;;3,580028329;;;;;;;;;;;;;;;;;;;;;;;
;;;606,5493885;3295,898438;3,295898438;;;3,585339943;;;;;;;;;;;;;;;;;;;;;;;
;;;609,4226416;3300,78125;3,30078125;;;3,590651558;;;;;;;;;;;;;;;;;;;;;;;
;;;613,870499;3305,664063;3,305664063;;;3,595963173;;;;;;;;;;;;;;;;;;;;;;;
;;;614,161925;3310,546875;3,310546875;;;3,601274788;;;;;;;;;;;;;;;;;;;;;;;
;;;614,5101543;3315,429688;3,315429688;;;3,606586402;;;;;;;;;;;;;;;;;;;;;;;
;;;614,5825044;3320,3125;3,3203125;;;3,611898017;;;;;;;;;;;;;;;;;;;;;;;
;;;614,7043475;3325,195313;3,325195313;;;3,617209632;;;;;;;;;;;;;;;;;;;;;;;
;;;614,9417708;3330,078125;3,330078125;;;3,622521247;;;;;;;;;;;;;;;;;;;;;;;
;;;611,3725308;3334,960938;3,334960938;;;3,627832861;;;;;;;;;;;;;;;;;;;;;;;
;;;610,9307972;3339,84375;3,33984375;;;3,633144476;;;;;;;;;;;;;;;;;;;;;;;
;;;611,1649784;3344,726563;3,344726563;;;3,638456091;;;;;;;;;;;;;;;;;;;;;;;
;;;615,4405956;3349,609375;3,349609375;;;3,643767705;;;;;;;;;;;;;;;;;;;;;;;
;;;615,3526503;3354,492188;3,354492188;;;3,64907932;;;;;;;;;;;;;;;;;;;;;;;
;;;615,2406021;3359,375;3,359375;;;3,654390935;;;;;;;;;;;;;;;;;;;;;;;
;;;614,8352452;3364,257813;3,364257813;;;3,65970255;;;;;;;;;;;;;;;;;;;;;;;
;;;614,4656651;3369,140625;3,369140625;;;3,665014164;;;;;;;;;;;;;;;;;;;;;;;
;;;614,0662514;3374,023438;3,374023438;;;3,670325779;;;;;;;;;;;;;;;;;;;;;;;
;;;613,6724987;3378,90625;3,37890625;;;3,675637394;;;;;;;;;;;;;;;;;;;;;;;
;;;612,8198894;3383,789063;3,383789063;;;3,680949009;;;;;;;;;;;;;;;;;;;;;;;
;;;612,4773033;3388,671875;3,388671875;;;3,686260623;;;;;;;;;;;;;;;;;;;;;;;
;;;612,3034008;3393,554688;3,393554688;;;3,691572238;;;;;;;;;;;;;;;;;;;;;;;
;;;611,5646763;3398,4375;3,3984375;;;3,696883853;;;;;;;;;;;;;;;;;;;;;;;
;;;611,303189;3403,320313;3,403320313;;;3,702195468;;;;;;;;;;;;;;;;;;;;;;;
;;;610,7331067;3408,203125;3,408203125;;;3,707507082;;;;;;;;;;;;;;;;;;;;;;;
;;;610,2653251;3413,085938;3,413085938;;;;;;;;;;;;;;;;;;;;;;;;;;
;;;609,7601075;3417,96875;3,41796875;;;;;;;;;;;;;;;;;;;;;;;;;;
;;;609,4045066;3422,851563;3,422851563;;;;;;;;;;;;;;;;;;;;;;;;;;
;;;609,3095537;3427,734375;3,427734375;;;;;;;;;;;;;;;;;;;;;;;;;;
;;;608,7794812;3432,617188;3,432617188;;;;;;;;;;;;;;;;;;;;;;;;;;
;;;608,4370265;3437,5;3,4375;;;;;;;;;;;;;;;;;;;;;;;;;;
;;;607,530631;3442,382813;3,442382813;;;;;;;;;;;;;;;;;;;;;;;;;;
;;;606,5267006;3447,265625;3,447265625;;;;;;;;;;;;;;;;;;;;;;;;;;
;;;606,0920164;3452,148438;3,452148438;;;;;;;;;;;;;;;;;;;;;;;;;;
;;;605,4996395;3457,03125;3,45703125;;;;;;;;;;;;;;;;;;;;;;;;;;
;;;605,2798234;3461,914063;3,461914063;;;;;;;;;;;;;;;;;;;;;;;;;;
;;;604,1250978;3466,796875;3,466796875;;;;;;;;;;;;;;;;;;;;;;;;;;
;;;603,3170986;3471,679688;3,471679688;;;;;;;;;;;;;;;;;;;;;;;;;;
;;;602,827267;3476,5625;3,4765625;;;;;;;;;;;;;;;;;;;;;;;;;;
;;;602,4470527;3481,445313;3,481445313;;;;;;;;;;;;;;;;;;;;;;;;;;
;;;602,0767284;3486,328125;3,486328125;;;;;;;;;;;;;;;;;;;;;;;;;;
;;;602,6630442;3491,210938;3,491210938;;;;;;;;;;;;;;;;;;;;;;;;;;
;;;602,5846467;3496,09375;3,49609375;;;;;;;;;;;;;;;;;;;;;;;;;;
;;;602,2424545;3500,976563;3,500976563;;;;;;;;;;;;;;;;;;;;;;;;;;
;;;602,5078837;3505,859375;3,505859375;;;;;;;;;;;;;;;;;;;;;;;;;;
;;;603,0315685;3510,742188;3,510742188;;;;;;;;;;;;;;;;;;;;;;;;;;
;;;602,9599795;3515,625;3,515625;;;;;;;;;;;;;;;;;;;;;;;;;;
;;;602,8591578;3520,507813;3,520507813;;;;;;;;;;;;;;;;;;;;;;;;;;
;;;602,5682594;3525,390625;3,525390625;;;;;;;;;;;;;;;;;;;;;;;;;;
;;;601,8325167;3530,273438;3,530273438;;;;;;;;;;;;;;;;;;;;;;;;;;
;;;601,3413016;3535,15625;3,53515625;;;;;;;;;;;;;;;;;;;;;;;;;;
;;;601,4898093;3540,039063;3,540039063;;;;;;;;;;;;;;;;;;;;;;;;;;
;;;601,1916627;3544,921875;3,544921875;;;;;;;;;;;;;;;;;;;;;;;;;;
;;;600,9267416;3549,804688;3,549804688;;;;;;;;;;;;;;;;;;;;;;;;;;
;;;601,3063316;3554,6875;3,5546875;;;;;;;;;;;;;;;;;;;;;;;;;;
;;;600,927096;3559,570313;3,559570313;;;;;;;;;;;;;;;;;;;;;;;;;;
;;;600,5653603;3564,453125;3,564453125;;;;;;;;;;;;;;;;;;;;;;;;;;
;;;600,2642803;3569,335938;3,569335938;;;;;;;;;;;;;;;;;;;;;;;;;;
;;;604,7029706;3574,21875;3,57421875;;;;;;;;;;;;;;;;;;;;;;;;;;
;;;604,5208371;3579,101563;3,579101563;;;;;;;;;;;;;;;;;;;;;;;;;;
;;;604,294628;3583,984375;3,583984375;;;;;;;;;;;;;;;;;;;;;;;;;;
;;;603,6944319;3588,867188;3,588867188;;;;;;;;;;;;;;;;;;;;;;;;;;
;;;603,6734167;3593,75;3,59375;;;;;;;;;;;;;;;;;;;;;;;;;;
;;;603,9520412;3598,632813;3,598632813;;;;;;;;;;;;;;;;;;;;;;;;;;
;;;603,6488033;3603,515625;3,603515625;;;;;;;;;;;;;;;;;;;;;;;;;;
;;;603,6355004;3608,398438;3,608398438;;;;;;;;;;;;;;;;;;;;;;;;;;
;;;603,6953731;3613,28125;3,61328125;;;;;;;;;;;;;;;;;;;;;;;;;;
;;;603,8811027;3618,164063;3,618164063;;;;;;;;;;;;;;;;;;;;;;;;;;
;;;603,9401245;3623,046875;3,623046875;;;;;;;;;;;;;;;;;;;;;;;;;;
;;;603,964896;3627,929688;3,627929688;;;;;;;;;;;;;;;;;;;;;;;;;;
;;;603,5573607;3632,8125;3,6328125;;;;;;;;;;;;;;;;;;;;;;;;;;
;;;603,1300006;3637,695313;3,637695313;;;;;;;;;;;;;;;;;;;;;;;;;;
;;;602,9217936;3642,578125;3,642578125;;;;;;;;;;;;;;;;;;;;;;;;;;
;;;603,0803281;3647,460938;3,647460938;;;;;;;;;;;;;;;;;;;;;;;;;;
;;;602,5088884;3652,34375;3,65234375;;;;;;;;;;;;;;;;;;;;;;;;;;
;;;602,3387447;3657,226563;3,657226563;;;;;;;;;;;;;;;;;;;;;;;;;;
;;;602,2925039;3662,109375;3,662109375;;;;;;;;;;;;;;;;;;;;;;;;;;
;;;602,4378811;3666,992188;3,666992188;;;;;;;;;;;;;;;;;;;;;;;;;;
;;;602,6838567;3671,875;3,671875;;;;;;;;;;;;;;;;;;;;;;;;;;
;;;602,7214748;3676,757813;3,676757813;;;;;;;;;;;;;;;;;;;;;;;;;;
;;;602,8868454;3681,640625;3,681640625;;;;;;;;;;;;;;;;;;;;;;;;;;
;;;602,6158832;3686,523438;3,686523438;;;;;;;;;;;;;;;;;;;;;;;;;;
;;;602,42087;3691,40625;3,69140625;;;;;;;;;;;;;;;;;;;;;;;;;;
;;;602,2058998;3696,289063;3,696289063;;;;;;;;;;;;;;;;;;;;;;;;;;
;;;601,7346623;3701,171875;3,701171875;;;;;;;;;;;;;;;;;;;;;;;;;;
;;;601,2627469;3706,054688;3,706054688;;;;;;;;;;;;;;;;;;;;;;;;;;
;;;601,0199244;3710,9375;3,7109375;;;;;;;;;;;;;;;;;;;;;;;;;;
;;;600,5553007;3715,820313;3,715820313;;;;;;;;;;;;;;;;;;;;;;;;;;
;;;599,8119669;3720,703125;3,720703125;;;;;;;;;;;;;;;;;;;;;;;;;;
;;;599,5122529;3725,585938;3,725585938;;;;;;;;;;;;;;;;;;;;;;;;;;
;;;599,4998036;3730,46875;3,73046875;;;;;;;;;;;;;;;;;;;;;;;;;;
;;;599,0167894;3735,351563;3,735351563;;;;;;;;;;;;;;;;;;;;;;;;;;
;;;598,951805;3740,234375;3,740234375;;;;;;;;;;;;;;;;;;;;;;;;;;
;;;;3745,117188;3,745117188;;;;;;;;;;;;;;;;;;;;;;;;;;
